local-authority-code,section,max_score,score
ABC,s1_gov,21,0.0
ABC,s2_m&a,18,0.0
ABC,s3_c&a,7,0.0
ABC,s4_coms,9,0.0
ABC,s5_mset,5,0.0
ABC,s6_cb,4,0.0
ABC,s7_dsi,5,0.0
ABC,s8_est,5,0.0
ABC,s9_ee,4,0.0
ABD,s1_gov,21,0.0
ABD,s2_m&a,18,0.0
ABD,s3_c&a,7,0.0
ABD,s4_coms,9,0.0
ABD,s5_mset,5,0.0
ABD,s6_cb,4,0.0
ABD,s7_dsi,5,0.0
ABD,s8_est,5,0.0
ABD,s9_ee,4,0.0
ABE,s1_gov,21,10.0
ABE,s2_m&a,18,9.0
ABE,s3_c&a,7,3.0
ABE,s4_coms,9,4.0
ABE,s5_mset,5,2.0
ABE,s6_cb,4,2.0
ABE,s7_dsi,5,0.0
ABE,s8_est,5,1.0
ABE,s9_ee,4,0.0
ADU,s1_gov,21,13.0
ADU,s2_m&a,18,12.0
ADU,s3_c&a,7,2.0
ADU,s4_coms,9,5.0
ADU,s5_mset,5,3.0
ADU,s6_cb,4,3.0
ADU,s7_dsi,5,2.0
ADU,s8_est,5,3.0
ADU,s9_ee,4,2.0
AGB,s1_gov,21,11.0
AGB,s2_m&a,18,8.0
AGB,s3_c&a,7,2.0
AGB,s4_coms,9,4.0
AGB,s5_mset,5,2.0
AGB,s6_cb,4,2.0
AGB,s7_dsi,5,1.0
AGB,s8_est,5,0.0
AGB,s9_ee,4,1.0
AGY,s1_gov,21,0.0
AGY,s2_m&a,18,0.0
AGY,s3_c&a,7,0.0
AGY,s4_coms,9,0.0
AGY,s5_mset,5,0.0
AGY,s6_cb,4,0.0
AGY,s7_dsi,5,0.0
AGY,s8_est,5,0.0
AGY,s9_ee,4,0.0
ALL,s1_gov,21,13.0
ALL,s2_m&a,18,12.0
ALL,s3_c&a,7,3.0
ALL,s4_coms,9,5.0
ALL,s5_mset,5,3.0
ALL,s6_cb,4,2.0
ALL,s7_dsi,5,2.0
ALL,s8_est,5,4.0
ALL,s9_ee,4,2.0
AMB,s1_gov,21,5.0
AMB,s2_m&a,18,1.0
AMB,s3_c&a,7,1.0
AMB,s4_coms,9,1.0
AMB,s5_mset,5,2.0
AMB,s6_cb,4,2.0
AMB,s7_dsi,5,1.0
AMB,s8_est,5,0.0
AMB,s9_ee,4,3.0
AND,s1_gov,21,7.0
AND,s2_m&a,18,0.0
AND,s3_c&a,7,6.0
AND,s4_coms,9,4.0
AND,s5_mset,5,0.0
AND,s6_cb,4,1.0
AND,s7_dsi,5,0.0
AND,s8_est,5,2.0
AND,s9_ee,4,1.0
ANN,s1_gov,21,0.0
ANN,s2_m&a,18,0.0
ANN,s3_c&a,7,0.0
ANN,s4_coms,9,0.0
ANN,s5_mset,5,0.0
ANN,s6_cb,4,0.0
ANN,s7_dsi,5,0.0
ANN,s8_est,5,0.0
ANN,s9_ee,4,0.0
ANS,s1_gov,21,0.0
ANS,s2_m&a,18,0.0
ANS,s3_c&a,7,0.0
ANS,s4_coms,9,0.0
ANS,s5_mset,5,0.0
ANS,s6_cb,4,0.0
ANS,s7_dsi,5,0.0
ANS,s8_est,5,0.0
ANS,s9_ee,4,0.0
ARU,s1_gov,21,0.0
ARU,s2_m&a,18,0.0
ARU,s3_c&a,7,0.0
ARU,s4_coms,9,0.0
ARU,s5_mset,5,0.0
ARU,s6_cb,4,0.0
ARU,s7_dsi,5,0.0
ARU,s8_est,5,0.0
ARU,s9_ee,4,0.0
ASF,s1_gov,21,9.0
ASF,s2_m&a,18,11.0
ASF,s3_c&a,7,6.0
ASF,s4_coms,9,7.0
ASF,s5_mset,5,1.0
ASF,s6_cb,4,4.0
ASF,s7_dsi,5,1.0
ASF,s8_est,5,1.0
ASF,s9_ee,4,3.0
ASH,s1_gov,21,0.0
ASH,s2_m&a,18,0.0
ASH,s3_c&a,7,0.0
ASH,s4_coms,9,0.0
ASH,s5_mset,5,0.0
ASH,s6_cb,4,0.0
ASH,s7_dsi,5,0.0
ASH,s8_est,5,0.0
ASH,s9_ee,4,0.0
BAB,s1_gov,21,14.0
BAB,s2_m&a,18,13.0
BAB,s3_c&a,7,5.0
BAB,s4_coms,9,6.0
BAB,s5_mset,5,2.0
BAB,s6_cb,4,2.0
BAB,s7_dsi,5,0.0
BAB,s8_est,5,3.0
BAB,s9_ee,4,3.0
BAE,s1_gov,21,0.0
BAE,s2_m&a,18,0.0
BAE,s3_c&a,7,0.0
BAE,s4_coms,9,0.0
BAE,s5_mset,5,0.0
BAE,s6_cb,4,0.0
BAE,s7_dsi,5,0.0
BAE,s8_est,5,0.0
BAE,s9_ee,4,0.0
BAI,s1_gov,21,9.0
BAI,s2_m&a,18,10.0
BAI,s3_c&a,7,5.0
BAI,s4_coms,9,6.0
BAI,s5_mset,5,3.0
BAI,s6_cb,4,2.0
BAI,s7_dsi,5,0.0
BAI,s8_est,5,1.0
BAI,s9_ee,4,2.0
BAN,s1_gov,21,13.0
BAN,s2_m&a,18,8.0
BAN,s3_c&a,7,6.0
BAN,s4_coms,9,5.0
BAN,s5_mset,5,4.0
BAN,s6_cb,4,2.0
BAN,s7_dsi,5,0.0
BAN,s8_est,5,2.0
BAN,s9_ee,4,2.0
BAR,s1_gov,21,5.0
BAR,s2_m&a,18,0.0
BAR,s3_c&a,7,3.0
BAR,s4_coms,9,3.0
BAR,s5_mset,5,2.0
BAR,s6_cb,4,1.0
BAR,s7_dsi,5,0.0
BAR,s8_est,5,0.0
BAR,s9_ee,4,0.0
BAS,s1_gov,21,7.0
BAS,s2_m&a,18,6.0
BAS,s3_c&a,7,3.0
BAS,s4_coms,9,8.0
BAS,s5_mset,5,4.0
BAS,s6_cb,4,0.0
BAS,s7_dsi,5,1.0
BAS,s8_est,5,3.0
BAS,s9_ee,4,3.0
BBD,s1_gov,21,8.0
BBD,s2_m&a,18,8.0
BBD,s3_c&a,7,3.0
BBD,s4_coms,9,6.0
BBD,s5_mset,5,3.0
BBD,s6_cb,4,3.0
BBD,s7_dsi,5,0.0
BBD,s8_est,5,0.0
BBD,s9_ee,4,2.0
BDF,s1_gov,21,13.0
BDF,s2_m&a,18,12.0
BDF,s3_c&a,7,6.0
BDF,s4_coms,9,6.0
BDF,s5_mset,5,2.0
BDF,s6_cb,4,2.0
BDF,s7_dsi,5,0.0
BDF,s8_est,5,3.0
BDF,s9_ee,4,2.0
BDG,s1_gov,21,5.0
BDG,s2_m&a,18,6.0
BDG,s3_c&a,7,3.0
BDG,s4_coms,9,3.0
BDG,s5_mset,5,2.0
BDG,s6_cb,4,3.0
BDG,s7_dsi,5,2.0
BDG,s8_est,5,0.0
BDG,s9_ee,4,2.0
BEN,s1_gov,21,14.0
BEN,s2_m&a,18,14.0
BEN,s3_c&a,7,6.0
BEN,s4_coms,9,6.0
BEN,s5_mset,5,2.0
BEN,s6_cb,4,4.0
BEN,s7_dsi,5,4.0
BEN,s8_est,5,4.0
BEN,s9_ee,4,3.0
BEX,s1_gov,21,0.0
BEX,s2_m&a,18,0.0
BEX,s3_c&a,7,0.0
BEX,s4_coms,9,0.0
BEX,s5_mset,5,0.0
BEX,s6_cb,4,0.0
BEX,s7_dsi,5,0.0
BEX,s8_est,5,0.0
BEX,s9_ee,4,0.0
BFS,s1_gov,21,4.0
BFS,s2_m&a,18,3.0
BFS,s3_c&a,7,2.0
BFS,s4_coms,9,2.0
BFS,s5_mset,5,1.0
BFS,s6_cb,4,2.0
BFS,s7_dsi,5,0.0
BFS,s8_est,5,1.0
BFS,s9_ee,4,0.0
BGE,s1_gov,21,0.0
BGE,s2_m&a,18,0.0
BGE,s3_c&a,7,0.0
BGE,s4_coms,9,0.0
BGE,s5_mset,5,0.0
BGE,s6_cb,4,0.0
BGE,s7_dsi,5,0.0
BGE,s8_est,5,0.0
BGE,s9_ee,4,0.0
BGW,s1_gov,21,2.0
BGW,s2_m&a,18,4.0
BGW,s3_c&a,7,0.0
BGW,s4_coms,9,2.0
BGW,s5_mset,5,4.0
BGW,s6_cb,4,1.0
BGW,s7_dsi,5,0.0
BGW,s8_est,5,0.0
BGW,s9_ee,4,0.0
BIR,s1_gov,21,11.0
BIR,s2_m&a,18,10.0
BIR,s3_c&a,7,4.0
BIR,s4_coms,9,5.0
BIR,s5_mset,5,3.0
BIR,s6_cb,4,3.0
BIR,s7_dsi,5,2.0
BIR,s8_est,5,2.0
BIR,s9_ee,4,2.0
BLA,s1_gov,21,11.0
BLA,s2_m&a,18,10.0
BLA,s3_c&a,7,4.0
BLA,s4_coms,9,7.0
BLA,s5_mset,5,5.0
BLA,s6_cb,4,2.0
BLA,s7_dsi,5,0.0
BLA,s8_est,5,3.0
BLA,s9_ee,4,1.0
BNE,s1_gov,21,0.0
BNE,s2_m&a,18,0.0
BNE,s3_c&a,7,0.0
BNE,s4_coms,9,0.0
BNE,s5_mset,5,0.0
BNE,s6_cb,4,0.0
BNE,s7_dsi,5,0.0
BNE,s8_est,5,0.0
BNE,s9_ee,4,0.0
BNH,s1_gov,21,11.0
BNH,s2_m&a,18,13.0
BNH,s3_c&a,7,3.0
BNH,s4_coms,9,8.0
BNH,s5_mset,5,4.0
BNH,s6_cb,4,3.0
BNH,s7_dsi,5,2.0
BNH,s8_est,5,3.0
BNH,s9_ee,4,4.0
BNS,s1_gov,21,8.0
BNS,s2_m&a,18,6.0
BNS,s3_c&a,7,4.0
BNS,s4_coms,9,5.0
BNS,s5_mset,5,4.0
BNS,s6_cb,4,2.0
BNS,s7_dsi,5,1.0
BNS,s8_est,5,1.0
BNS,s9_ee,4,1.0
BOL,s1_gov,21,4.0
BOL,s2_m&a,18,3.0
BOL,s3_c&a,7,5.0
BOL,s4_coms,9,6.0
BOL,s5_mset,5,2.0
BOL,s6_cb,4,3.0
BOL,s7_dsi,5,1.0
BOL,s8_est,5,3.0
BOL,s9_ee,4,2.0
BOS,s1_gov,21,7.0
BOS,s2_m&a,18,2.0
BOS,s3_c&a,7,3.0
BOS,s4_coms,9,4.0
BOS,s5_mset,5,1.0
BOS,s6_cb,4,3.0
BOS,s7_dsi,5,1.0
BOS,s8_est,5,2.0
BOS,s9_ee,4,1.0
BOT,s1_gov,21,0.0
BOT,s2_m&a,18,0.0
BOT,s3_c&a,7,2.0
BOT,s4_coms,9,3.0
BOT,s5_mset,5,1.0
BOT,s6_cb,4,0.0
BOT,s7_dsi,5,0.0
BOT,s8_est,5,0.0
BOT,s9_ee,4,1.0
BPC,s1_gov,21,10.0
BPC,s2_m&a,18,9.0
BPC,s3_c&a,7,4.0
BPC,s4_coms,9,6.0
BPC,s5_mset,5,4.0
BPC,s6_cb,4,2.0
BPC,s7_dsi,5,0.0
BPC,s8_est,5,0.0
BPC,s9_ee,4,3.0
BPL,s1_gov,21,10.0
BPL,s2_m&a,18,10.0
BPL,s3_c&a,7,4.0
BPL,s4_coms,9,9.0
BPL,s5_mset,5,3.0
BPL,s6_cb,4,2.0
BPL,s7_dsi,5,1.0
BPL,s8_est,5,4.0
BPL,s9_ee,4,3.0
BRA,s1_gov,21,5.0
BRA,s2_m&a,18,2.0
BRA,s3_c&a,7,3.0
BRA,s4_coms,9,7.0
BRA,s5_mset,5,3.0
BRA,s6_cb,4,3.0
BRA,s7_dsi,5,0.0
BRA,s8_est,5,2.0
BRA,s9_ee,4,1.0
BRC,s1_gov,21,7.0
BRC,s2_m&a,18,5.0
BRC,s3_c&a,7,2.0
BRC,s4_coms,9,1.0
BRC,s5_mset,5,3.0
BRC,s6_cb,4,0.0
BRC,s7_dsi,5,0.0
BRC,s8_est,5,0.0
BRC,s9_ee,4,0.0
BRD,s1_gov,21,2.0
BRD,s2_m&a,18,8.0
BRD,s3_c&a,7,1.0
BRD,s4_coms,9,1.0
BRD,s5_mset,5,2.0
BRD,s6_cb,4,0.0
BRD,s7_dsi,5,0.0
BRD,s8_est,5,3.0
BRD,s9_ee,4,1.0
BRE,s1_gov,21,7.0
BRE,s2_m&a,18,0.0
BRE,s3_c&a,7,2.0
BRE,s4_coms,9,3.0
BRE,s5_mset,5,1.0
BRE,s6_cb,4,0.0
BRE,s7_dsi,5,0.0
BRE,s8_est,5,1.0
BRE,s9_ee,4,1.0
BRM,s1_gov,21,2.0
BRM,s2_m&a,18,0.0
BRM,s3_c&a,7,0.0
BRM,s4_coms,9,3.0
BRM,s5_mset,5,1.0
BRM,s6_cb,4,0.0
BRM,s7_dsi,5,0.0
BRM,s8_est,5,1.0
BRM,s9_ee,4,0.0
BRO,s1_gov,21,0.0
BRO,s2_m&a,18,11.0
BRO,s3_c&a,7,4.0
BRO,s4_coms,9,1.0
BRO,s5_mset,5,1.0
BRO,s6_cb,4,1.0
BRO,s7_dsi,5,0.0
BRO,s8_est,5,0.0
BRO,s9_ee,4,4.0
BRT,s1_gov,21,5.0
BRT,s2_m&a,18,2.0
BRT,s3_c&a,7,3.0
BRT,s4_coms,9,4.0
BRT,s5_mset,5,2.0
BRT,s6_cb,4,1.0
BRT,s7_dsi,5,0.0
BRT,s8_est,5,2.0
BRT,s9_ee,4,0.0
BRW,s1_gov,21,0.0
BRW,s2_m&a,18,0.0
BRW,s3_c&a,7,0.0
BRW,s4_coms,9,0.0
BRW,s5_mset,5,0.0
BRW,s6_cb,4,0.0
BRW,s7_dsi,5,0.0
BRW,s8_est,5,0.0
BRW,s9_ee,4,0.0
BRX,s1_gov,21,6.0
BRX,s2_m&a,18,5.0
BRX,s3_c&a,7,6.0
BRX,s4_coms,9,3.0
BRX,s5_mset,5,1.0
BRX,s6_cb,4,0.0
BRX,s7_dsi,5,1.0
BRX,s8_est,5,0.0
BRX,s9_ee,4,1.0
BRY,s1_gov,21,14.0
BRY,s2_m&a,18,7.0
BRY,s3_c&a,7,5.0
BRY,s4_coms,9,5.0
BRY,s5_mset,5,4.0
BRY,s6_cb,4,3.0
BRY,s7_dsi,5,1.0
BRY,s8_est,5,1.0
BRY,s9_ee,4,3.0
BST,s1_gov,21,15.0
BST,s2_m&a,18,14.0
BST,s3_c&a,7,1.0
BST,s4_coms,9,5.0
BST,s5_mset,5,5.0
BST,s6_cb,4,4.0
BST,s7_dsi,5,1.0
BST,s8_est,5,5.0
BST,s9_ee,4,3.0
BUC,s1_gov,21,5.0
BUC,s2_m&a,18,11.0
BUC,s3_c&a,7,2.0
BUC,s4_coms,9,5.0
BUC,s5_mset,5,3.0
BUC,s6_cb,4,1.0
BUC,s7_dsi,5,0.0
BUC,s8_est,5,0.0
BUC,s9_ee,4,2.0
BUN,s1_gov,21,0.0
BUN,s2_m&a,18,0.0
BUN,s3_c&a,7,0.0
BUN,s4_coms,9,0.0
BUN,s5_mset,5,0.0
BUN,s6_cb,4,0.0
BUN,s7_dsi,5,0.0
BUN,s8_est,5,0.0
BUN,s9_ee,4,0.0
BUR,s1_gov,21,10.0
BUR,s2_m&a,18,18.0
BUR,s3_c&a,7,2.0
BUR,s4_coms,9,6.0
BUR,s5_mset,5,3.0
BUR,s6_cb,4,4.0
BUR,s7_dsi,5,2.0
BUR,s8_est,5,3.0
BUR,s9_ee,4,2.0
CAB,s1_gov,21,10.0
CAB,s2_m&a,18,13.0
CAB,s3_c&a,7,6.0
CAB,s4_coms,9,7.0
CAB,s5_mset,5,4.0
CAB,s6_cb,4,3.0
CAB,s7_dsi,5,3.0
CAB,s8_est,5,0.0
CAB,s9_ee,4,3.0
CAM,s1_gov,21,11.0
CAM,s2_m&a,18,12.0
CAM,s3_c&a,5,4.0
CAM,s4_coms,9,5.0
CAM,s5_mset,5,4.0
CAM,s6_cb,4,0.0
CAM,s7_dsi,5,0.0
CAM,s8_est,5,3.0
CAM,s9_ee,4,3.0
CAN,s1_gov,21,0.0
CAN,s2_m&a,18,0.0
CAN,s3_c&a,7,0.0
CAN,s4_coms,9,0.0
CAN,s5_mset,5,0.0
CAN,s6_cb,4,0.0
CAN,s7_dsi,5,0.0
CAN,s8_est,5,0.0
CAN,s9_ee,4,0.0
CAR,s1_gov,21,14.0
CAR,s2_m&a,18,5.0
CAR,s3_c&a,7,5.0
CAR,s4_coms,9,6.0
CAR,s5_mset,5,5.0
CAR,s6_cb,4,3.0
CAR,s7_dsi,5,0.0
CAR,s8_est,5,2.0
CAR,s9_ee,4,1.0
CAS,s1_gov,21,0.0
CAS,s2_m&a,18,0.0
CAS,s3_c&a,7,0.0
CAS,s4_coms,9,0.0
CAS,s5_mset,5,0.0
CAS,s6_cb,4,0.0
CAS,s7_dsi,5,0.0
CAS,s8_est,5,0.0
CAS,s9_ee,4,0.0
CAT,s1_gov,21,12.0
CAT,s2_m&a,18,11.0
CAT,s3_c&a,7,7.0
CAT,s4_coms,9,4.0
CAT,s5_mset,5,3.0
CAT,s6_cb,4,4.0
CAT,s7_dsi,5,1.0
CAT,s8_est,5,2.0
CAT,s9_ee,4,3.0
CAY,s1_gov,21,9.0
CAY,s2_m&a,18,7.0
CAY,s3_c&a,7,2.0
CAY,s4_coms,9,3.0
CAY,s5_mset,5,2.0
CAY,s6_cb,4,0.0
CAY,s7_dsi,5,0.0
CAY,s8_est,5,1.0
CAY,s9_ee,4,3.0
CBF,s1_gov,21,16.0
CBF,s2_m&a,18,11.0
CBF,s3_c&a,7,7.0
CBF,s4_coms,9,4.0
CBF,s5_mset,5,4.0
CBF,s6_cb,4,2.0
CBF,s7_dsi,5,1.0
CBF,s8_est,5,3.0
CBF,s9_ee,4,2.0
CCG,s1_gov,21,0.0
CCG,s2_m&a,18,0.0
CCG,s3_c&a,7,0.0
CCG,s4_coms,9,0.0
CCG,s5_mset,5,0.0
CCG,s6_cb,4,0.0
CCG,s7_dsi,5,0.0
CCG,s8_est,5,0.0
CCG,s9_ee,4,0.0
CGN,s1_gov,21,15.0
CGN,s2_m&a,18,4.0
CGN,s3_c&a,7,3.0
CGN,s4_coms,9,2.0
CGN,s5_mset,5,2.0
CGN,s6_cb,4,0.0
CGN,s7_dsi,5,0.0
CGN,s8_est,5,2.0
CGN,s9_ee,4,2.0
CHA,s1_gov,21,5.0
CHA,s2_m&a,18,3.0
CHA,s3_c&a,7,2.0
CHA,s4_coms,9,2.0
CHA,s5_mset,5,1.0
CHA,s6_cb,4,3.0
CHA,s7_dsi,5,0.0
CHA,s8_est,5,0.0
CHA,s9_ee,4,1.0
CHE,s1_gov,21,16.0
CHE,s2_m&a,18,12.0
CHE,s3_c&a,7,5.0
CHE,s4_coms,9,8.0
CHE,s5_mset,5,5.0
CHE,s6_cb,4,4.0
CHE,s7_dsi,5,0.0
CHE,s8_est,5,1.0
CHE,s9_ee,4,3.0
CHI,s1_gov,21,13.0
CHI,s2_m&a,18,10.0
CHI,s3_c&a,7,3.0
CHI,s4_coms,9,4.0
CHI,s5_mset,5,1.0
CHI,s6_cb,4,1.0
CHI,s7_dsi,5,1.0
CHI,s8_est,5,4.0
CHI,s9_ee,4,1.0
CHL,s1_gov,21,6.0
CHL,s2_m&a,18,3.0
CHL,s3_c&a,7,4.0
CHL,s4_coms,9,1.0
CHL,s5_mset,5,1.0
CHL,s6_cb,4,0.0
CHL,s7_dsi,5,0.0
CHL,s8_est,5,1.0
CHL,s9_ee,4,1.0
CHO,s1_gov,21,0.0
CHO,s2_m&a,18,0.0
CHO,s3_c&a,7,0.0
CHO,s4_coms,9,0.0
CHO,s5_mset,5,0.0
CHO,s6_cb,4,0.0
CHO,s7_dsi,5,0.0
CHO,s8_est,5,0.0
CHO,s9_ee,4,0.0
CHR,s1_gov,21,12.0
CHR,s2_m&a,18,8.0
CHR,s3_c&a,7,5.0
CHR,s4_coms,9,4.0
CHR,s5_mset,5,4.0
CHR,s6_cb,4,2.0
CHR,s7_dsi,5,0.0
CHR,s8_est,5,1.0
CHR,s9_ee,4,0.0
CHS,s1_gov,21,11.0
CHS,s2_m&a,18,4.0
CHS,s3_c&a,7,3.0
CHS,s4_coms,9,2.0
CHS,s5_mset,5,1.0
CHS,s6_cb,4,0.0
CHS,s7_dsi,5,0.0
CHS,s8_est,5,1.0
CHS,s9_ee,4,0.0
CHT,s1_gov,21,9.0
CHT,s2_m&a,18,4.0
CHT,s3_c&a,7,0.0
CHT,s4_coms,9,4.0
CHT,s5_mset,5,4.0
CHT,s6_cb,4,0.0
CHT,s7_dsi,5,0.0
CHT,s8_est,5,0.0
CHT,s9_ee,4,0.0
CHW,s1_gov,21,15.0
CHW,s2_m&a,18,13.0
CHW,s3_c&a,7,3.0
CHW,s4_coms,9,6.0
CHW,s5_mset,5,4.0
CHW,s6_cb,4,2.0
CHW,s7_dsi,5,2.0
CHW,s8_est,5,1.0
CHW,s9_ee,4,3.0
CLD,s1_gov,21,2.0
CLD,s2_m&a,18,9.0
CLD,s3_c&a,7,3.0
CLD,s4_coms,9,4.0
CLD,s5_mset,5,2.0
CLD,s6_cb,4,1.0
CLD,s7_dsi,5,0.0
CLD,s8_est,5,1.0
CLD,s9_ee,4,1.0
CLK,s1_gov,21,0.0
CLK,s2_m&a,18,0.0
CLK,s3_c&a,7,0.0
CLK,s4_coms,9,0.0
CLK,s5_mset,5,0.0
CLK,s6_cb,4,0.0
CLK,s7_dsi,5,0.0
CLK,s8_est,5,0.0
CLK,s9_ee,4,0.0
CMA,s1_gov,21,1.0
CMA,s2_m&a,18,0.0
CMA,s3_c&a,5,3.0
CMA,s4_coms,9,2.0
CMA,s5_mset,5,0.0
CMA,s6_cb,4,2.0
CMA,s7_dsi,5,0.0
CMA,s8_est,5,0.0
CMA,s9_ee,4,0.0
CMD,s1_gov,21,14.0
CMD,s2_m&a,18,6.0
CMD,s3_c&a,7,6.0
CMD,s4_coms,9,6.0
CMD,s5_mset,5,4.0
CMD,s6_cb,4,4.0
CMD,s7_dsi,5,1.0
CMD,s8_est,5,3.0
CMD,s9_ee,4,2.0
CMN,s1_gov,21,10.0
CMN,s2_m&a,18,2.0
CMN,s3_c&a,7,5.0
CMN,s4_coms,9,3.0
CMN,s5_mset,5,2.0
CMN,s6_cb,4,1.0
CMN,s7_dsi,5,0.0
CMN,s8_est,5,1.0
CMN,s9_ee,4,0.0
COL,s1_gov,21,10.0
COL,s2_m&a,18,5.0
COL,s3_c&a,7,6.0
COL,s4_coms,9,6.0
COL,s5_mset,5,3.0
COL,s6_cb,4,4.0
COL,s7_dsi,5,0.0
COL,s8_est,5,2.0
COL,s9_ee,4,2.0
CON,s1_gov,21,15.0
CON,s2_m&a,18,17.0
CON,s3_c&a,7,5.0
CON,s4_coms,9,7.0
CON,s5_mset,5,3.0
CON,s6_cb,4,3.0
CON,s7_dsi,5,1.0
CON,s8_est,5,3.0
CON,s9_ee,4,3.0
COP,s1_gov,21,8.0
COP,s2_m&a,18,1.0
COP,s3_c&a,7,2.0
COP,s4_coms,9,3.0
COP,s5_mset,5,1.0
COP,s6_cb,4,2.0
COP,s7_dsi,5,0.0
COP,s8_est,5,1.0
COP,s9_ee,4,2.0
COT,s1_gov,21,7.0
COT,s2_m&a,18,3.0
COT,s3_c&a,7,3.0
COT,s4_coms,9,5.0
COT,s5_mset,5,3.0
COT,s6_cb,4,3.0
COT,s7_dsi,5,0.0
COT,s8_est,5,2.0
COT,s9_ee,4,3.0
COV,s1_gov,21,0.0
COV,s2_m&a,18,0.0
COV,s3_c&a,7,0.0
COV,s4_coms,9,0.0
COV,s5_mset,5,0.0
COV,s6_cb,4,0.0
COV,s7_dsi,5,0.0
COV,s8_est,5,0.0
COV,s9_ee,4,0.0
CPCA,s1_gov,21,0.0
CPCA,s2_m&a,18,0.0
CPCA,s3_c&a,5,0.0
CPCA,s4_coms,9,0.0
CPCA,s5_mset,5,0.0
CPCA,s6_cb,4,0.0
CPCA,s7_dsi,5,0.0
CPCA,s8_est,5,0.0
CPCA,s9_ee,4,0.0
CRA,s1_gov,21,8.0
CRA,s2_m&a,18,6.0
CRA,s3_c&a,7,1.0
CRA,s4_coms,9,3.0
CRA,s5_mset,5,3.0
CRA,s6_cb,4,3.0
CRA,s7_dsi,5,2.0
CRA,s8_est,5,0.0
CRA,s9_ee,4,1.0
CRF,s1_gov,21,14.0
CRF,s2_m&a,18,16.0
CRF,s3_c&a,7,6.0
CRF,s4_coms,9,8.0
CRF,s5_mset,5,3.0
CRF,s6_cb,4,4.0
CRF,s7_dsi,5,0.0
CRF,s8_est,5,2.0
CRF,s9_ee,4,4.0
CRW,s1_gov,21,0.0
CRW,s2_m&a,18,0.0
CRW,s3_c&a,7,0.0
CRW,s4_coms,9,0.0
CRW,s5_mset,5,0.0
CRW,s6_cb,4,0.0
CRW,s7_dsi,5,0.0
CRW,s8_est,5,0.0
CRW,s9_ee,4,0.0
CRY,s1_gov,21,11.0
CRY,s2_m&a,18,8.0
CRY,s3_c&a,7,5.0
CRY,s4_coms,9,5.0
CRY,s5_mset,5,3.0
CRY,s6_cb,4,4.0
CRY,s7_dsi,5,3.0
CRY,s8_est,5,3.0
CRY,s9_ee,4,3.0
CWY,s1_gov,21,1.0
CWY,s2_m&a,18,0.0
CWY,s3_c&a,7,0.0
CWY,s4_coms,9,2.0
CWY,s5_mset,5,1.0
CWY,s6_cb,4,0.0
CWY,s7_dsi,5,0.0
CWY,s8_est,5,0.0
CWY,s9_ee,4,0.0
DAC,s1_gov,21,6.0
DAC,s2_m&a,18,5.0
DAC,s3_c&a,7,5.0
DAC,s4_coms,9,5.0
DAC,s5_mset,5,4.0
DAC,s6_cb,4,1.0
DAC,s7_dsi,5,0.0
DAC,s8_est,5,2.0
DAC,s9_ee,4,3.0
DAL,s1_gov,21,15.0
DAL,s2_m&a,18,11.0
DAL,s3_c&a,7,6.0
DAL,s4_coms,9,5.0
DAL,s5_mset,5,2.0
DAL,s6_cb,4,3.0
DAL,s7_dsi,5,2.0
DAL,s8_est,5,2.0
DAL,s9_ee,4,3.0
DAR,s1_gov,21,0.0
DAR,s2_m&a,18,0.0
DAR,s3_c&a,7,0.0
DAR,s4_coms,9,0.0
DAR,s5_mset,5,0.0
DAR,s6_cb,4,0.0
DAR,s7_dsi,5,0.0
DAR,s8_est,5,0.0
DAR,s9_ee,4,0.0
DBY,s1_gov,21,8.0
DBY,s2_m&a,18,4.0
DBY,s3_c&a,5,2.0
DBY,s4_coms,9,4.0
DBY,s5_mset,5,3.0
DBY,s6_cb,4,2.0
DBY,s7_dsi,5,1.0
DBY,s8_est,5,3.0
DBY,s9_ee,4,0.0
DEB,s1_gov,21,13.0
DEB,s2_m&a,18,9.0
DEB,s3_c&a,7,4.0
DEB,s4_coms,9,4.0
DEB,s5_mset,5,5.0
DEB,s6_cb,4,1.0
DEB,s7_dsi,5,1.0
DEB,s8_est,5,1.0
DEB,s9_ee,4,3.0
DEN,s1_gov,21,9.0
DEN,s2_m&a,18,3.0
DEN,s3_c&a,7,6.0
DEN,s4_coms,9,7.0
DEN,s5_mset,5,2.0
DEN,s6_cb,4,0.0
DEN,s7_dsi,5,0.0
DEN,s8_est,5,3.0
DEN,s9_ee,4,3.0
DER,s1_gov,21,0.0
DER,s2_m&a,18,0.0
DER,s3_c&a,7,0.0
DER,s4_coms,9,0.0
DER,s5_mset,5,0.0
DER,s6_cb,4,0.0
DER,s7_dsi,5,0.0
DER,s8_est,5,0.0
DER,s9_ee,4,0.0
DEV,s1_gov,21,8.0
DEV,s2_m&a,18,9.0
DEV,s3_c&a,5,2.0
DEV,s4_coms,9,8.0
DEV,s5_mset,5,2.0
DEV,s6_cb,4,2.0
DEV,s7_dsi,5,0.0
DEV,s8_est,5,2.0
DEV,s9_ee,4,3.0
DGY,s1_gov,21,14.0
DGY,s2_m&a,18,0.0
DGY,s3_c&a,7,1.0
DGY,s4_coms,9,1.0
DGY,s5_mset,5,2.0
DGY,s6_cb,4,0.0
DGY,s7_dsi,5,0.0
DGY,s8_est,5,1.0
DGY,s9_ee,4,0.0
DNC,s1_gov,21,7.0
DNC,s2_m&a,18,7.0
DNC,s3_c&a,7,2.0
DNC,s4_coms,9,5.0
DNC,s5_mset,5,1.0
DNC,s6_cb,4,3.0
DNC,s7_dsi,5,1.0
DNC,s8_est,5,1.0
DNC,s9_ee,4,3.0
DND,s1_gov,21,11.0
DND,s2_m&a,18,14.0
DND,s3_c&a,7,4.0
DND,s4_coms,9,5.0
DND,s5_mset,5,4.0
DND,s6_cb,4,4.0
DND,s7_dsi,5,3.0
DND,s8_est,5,2.0
DND,s9_ee,4,3.0
DOV,s1_gov,21,13.0
DOV,s2_m&a,18,9.0
DOV,s3_c&a,7,5.0
DOV,s4_coms,9,7.0
DOV,s5_mset,5,1.0
DOV,s6_cb,4,4.0
DOV,s7_dsi,5,1.0
DOV,s8_est,5,0.0
DOV,s9_ee,4,2.0
DRS,s1_gov,21,9.0
DRS,s2_m&a,18,5.0
DRS,s3_c&a,7,2.0
DRS,s4_coms,9,3.0
DRS,s5_mset,5,0.0
DRS,s6_cb,4,2.0
DRS,s7_dsi,5,0.0
DRS,s8_est,5,0.0
DRS,s9_ee,4,2.0
DST,s1_gov,21,12.0
DST,s2_m&a,18,16.0
DST,s3_c&a,7,6.0
DST,s4_coms,9,8.0
DST,s5_mset,5,1.0
DST,s6_cb,4,4.0
DST,s7_dsi,5,0.0
DST,s8_est,5,4.0
DST,s9_ee,4,4.0
DUD,s1_gov,21,0.0
DUD,s2_m&a,18,0.0
DUD,s3_c&a,7,0.0
DUD,s4_coms,9,0.0
DUD,s5_mset,5,0.0
DUD,s6_cb,4,0.0
DUD,s7_dsi,5,0.0
DUD,s8_est,5,0.0
DUD,s9_ee,4,0.0
DUR,s1_gov,21,16.0
DUR,s2_m&a,18,10.0
DUR,s3_c&a,7,6.0
DUR,s4_coms,9,4.0
DUR,s5_mset,5,4.0
DUR,s6_cb,4,4.0
DUR,s7_dsi,5,0.0
DUR,s8_est,5,2.0
DUR,s9_ee,4,1.0
EAL,s1_gov,21,12.0
EAL,s2_m&a,18,10.0
EAL,s3_c&a,7,7.0
EAL,s4_coms,9,9.0
EAL,s5_mset,5,4.0
EAL,s6_cb,4,2.0
EAL,s7_dsi,5,2.0
EAL,s8_est,5,4.0
EAL,s9_ee,4,3.0
EAS,s1_gov,21,9.0
EAS,s2_m&a,18,8.0
EAS,s3_c&a,7,6.0
EAS,s4_coms,9,4.0
EAS,s5_mset,5,5.0
EAS,s6_cb,4,2.0
EAS,s7_dsi,5,0.0
EAS,s8_est,5,1.0
EAS,s9_ee,4,2.0
EAT,s1_gov,21,5.0
EAT,s2_m&a,18,5.0
EAT,s3_c&a,7,5.0
EAT,s4_coms,9,8.0
EAT,s5_mset,5,2.0
EAT,s6_cb,4,3.0
EAT,s7_dsi,5,0.0
EAT,s8_est,5,2.0
EAT,s9_ee,4,3.0
EAY,s1_gov,21,4.0
EAY,s2_m&a,18,5.0
EAY,s3_c&a,7,1.0
EAY,s4_coms,9,5.0
EAY,s5_mset,5,4.0
EAY,s6_cb,4,1.0
EAY,s7_dsi,5,0.0
EAY,s8_est,5,3.0
EAY,s9_ee,4,2.0
ECA,s1_gov,21,9.0
ECA,s2_m&a,18,2.0
ECA,s3_c&a,7,2.0
ECA,s4_coms,9,7.0
ECA,s5_mset,5,4.0
ECA,s6_cb,4,2.0
ECA,s7_dsi,5,0.0
ECA,s8_est,5,2.0
ECA,s9_ee,4,3.0
EDE,s1_gov,21,12.0
EDE,s2_m&a,18,18.0
EDE,s3_c&a,7,5.0
EDE,s4_coms,9,8.0
EDE,s5_mset,5,4.0
EDE,s6_cb,4,4.0
EDE,s7_dsi,5,2.0
EDE,s8_est,5,4.0
EDE,s9_ee,4,4.0
EDH,s1_gov,21,20.0
EDH,s2_m&a,18,16.0
EDH,s3_c&a,7,7.0
EDH,s4_coms,9,6.0
EDH,s5_mset,5,4.0
EDH,s6_cb,4,3.0
EDH,s7_dsi,5,2.0
EDH,s8_est,5,5.0
EDH,s9_ee,4,3.0
EDN,s1_gov,21,0.0
EDN,s2_m&a,18,0.0
EDN,s3_c&a,7,0.0
EDN,s4_coms,9,0.0
EDN,s5_mset,5,0.0
EDN,s6_cb,4,0.0
EDN,s7_dsi,5,0.0
EDN,s8_est,5,0.0
EDN,s9_ee,4,0.0
EDU,s1_gov,21,8.0
EDU,s2_m&a,18,10.0
EDU,s3_c&a,7,6.0
EDU,s4_coms,9,4.0
EDU,s5_mset,5,1.0
EDU,s6_cb,4,3.0
EDU,s7_dsi,5,3.0
EDU,s8_est,5,4.0
EDU,s9_ee,4,3.0
EHA,s1_gov,21,5.0
EHA,s2_m&a,18,5.0
EHA,s3_c&a,7,1.0
EHA,s4_coms,9,4.0
EHA,s5_mset,5,1.0
EHA,s6_cb,4,0.0
EHA,s7_dsi,5,1.0
EHA,s8_est,5,0.0
EHA,s9_ee,4,3.0
EHE,s1_gov,21,6.0
EHE,s2_m&a,18,5.0
EHE,s3_c&a,7,4.0
EHE,s4_coms,9,4.0
EHE,s5_mset,5,1.0
EHE,s6_cb,4,0.0
EHE,s7_dsi,5,0.0
EHE,s8_est,5,2.0
EHE,s9_ee,4,1.0
ELI,s1_gov,21,10.0
ELI,s2_m&a,18,1.0
ELI,s3_c&a,7,3.0
ELI,s4_coms,9,3.0
ELI,s5_mset,5,2.0
ELI,s6_cb,4,1.0
ELI,s7_dsi,5,0.0
ELI,s8_est,5,0.0
ELI,s9_ee,4,0.0
ELM,s1_gov,21,10.0
ELM,s2_m&a,18,17.0
ELM,s3_c&a,7,6.0
ELM,s4_coms,9,4.0
ELM,s5_mset,5,4.0
ELM,s6_cb,4,2.0
ELM,s7_dsi,5,0.0
ELM,s8_est,5,3.0
ELM,s9_ee,4,1.0
ELN,s1_gov,21,12.0
ELN,s2_m&a,18,18.0
ELN,s3_c&a,7,7.0
ELN,s4_coms,9,7.0
ELN,s5_mset,5,2.0
ELN,s6_cb,4,3.0
ELN,s7_dsi,5,0.0
ELN,s8_est,5,4.0
ELN,s9_ee,4,3.0
ELS,s1_gov,21,9.0
ELS,s2_m&a,18,0.0
ELS,s3_c&a,7,2.0
ELS,s4_coms,9,2.0
ELS,s5_mset,5,2.0
ELS,s6_cb,4,0.0
ELS,s7_dsi,5,0.0
ELS,s8_est,5,0.0
ELS,s9_ee,4,1.0
ENF,s1_gov,21,12.0
ENF,s2_m&a,18,8.0
ENF,s3_c&a,7,5.0
ENF,s4_coms,9,6.0
ENF,s5_mset,5,3.0
ENF,s6_cb,4,1.0
ENF,s7_dsi,5,0.0
ENF,s8_est,5,0.0
ENF,s9_ee,4,2.0
EPP,s1_gov,21,11.0
EPP,s2_m&a,18,11.0
EPP,s3_c&a,7,4.0
EPP,s4_coms,9,6.0
EPP,s5_mset,5,3.0
EPP,s6_cb,4,4.0
EPP,s7_dsi,5,3.0
EPP,s8_est,5,2.0
EPP,s9_ee,4,2.0
EPS,s1_gov,21,10.0
EPS,s2_m&a,18,14.0
EPS,s3_c&a,7,6.0
EPS,s4_coms,9,4.0
EPS,s5_mset,5,2.0
EPS,s6_cb,4,2.0
EPS,s7_dsi,5,0.0
EPS,s8_est,5,3.0
EPS,s9_ee,4,3.0
ERE,s1_gov,21,0.0
ERE,s2_m&a,18,0.0
ERE,s3_c&a,7,0.0
ERE,s4_coms,9,0.0
ERE,s5_mset,5,0.0
ERE,s6_cb,4,0.0
ERE,s7_dsi,5,0.0
ERE,s8_est,5,0.0
ERE,s9_ee,4,0.0
ERW,s1_gov,21,0.0
ERW,s2_m&a,18,0.0
ERW,s3_c&a,7,0.0
ERW,s4_coms,9,0.0
ERW,s5_mset,5,0.0
ERW,s6_cb,4,0.0
ERW,s7_dsi,5,0.0
ERW,s8_est,5,0.0
ERW,s9_ee,4,0.0
ERY,s1_gov,21,0.0
ERY,s2_m&a,18,0.0
ERY,s3_c&a,7,0.0
ERY,s4_coms,9,0.0
ERY,s5_mset,5,0.0
ERY,s6_cb,4,0.0
ERY,s7_dsi,5,0.0
ERY,s8_est,5,0.0
ERY,s9_ee,4,0.0
ESK,s1_gov,21,0.0
ESK,s2_m&a,18,0.0
ESK,s3_c&a,7,0.0
ESK,s4_coms,9,0.0
ESK,s5_mset,5,0.0
ESK,s6_cb,4,0.0
ESK,s7_dsi,5,0.0
ESK,s8_est,5,0.0
ESK,s9_ee,4,0.0
ESS,s1_gov,21,0.0
ESS,s2_m&a,18,0.0
ESS,s3_c&a,5,0.0
ESS,s4_coms,9,0.0
ESS,s5_mset,5,0.0
ESS,s6_cb,4,0.0
ESS,s7_dsi,5,0.0
ESS,s8_est,5,0.0
ESS,s9_ee,4,0.0
EST,s1_gov,21,6.0
EST,s2_m&a,18,5.0
EST,s3_c&a,7,1.0
EST,s4_coms,9,4.0
EST,s5_mset,5,1.0
EST,s6_cb,4,1.0
EST,s7_dsi,5,0.0
EST,s8_est,5,1.0
EST,s9_ee,4,1.0
ESX,s1_gov,21,9.0
ESX,s2_m&a,18,2.0
ESX,s3_c&a,5,3.0
ESX,s4_coms,9,3.0
ESX,s5_mset,5,4.0
ESX,s6_cb,4,3.0
ESX,s7_dsi,5,0.0
ESX,s8_est,5,0.0
ESX,s9_ee,4,3.0
EXE,s1_gov,21,10.0
EXE,s2_m&a,18,9.0
EXE,s3_c&a,7,6.0
EXE,s4_coms,9,6.0
EXE,s5_mset,5,3.0
EXE,s6_cb,4,3.0
EXE,s7_dsi,5,2.0
EXE,s8_est,5,3.0
EXE,s9_ee,4,3.0
FAL,s1_gov,21,6.0
FAL,s2_m&a,18,0.0
FAL,s3_c&a,7,1.0
FAL,s4_coms,9,2.0
FAL,s5_mset,5,2.0
FAL,s6_cb,4,0.0
FAL,s7_dsi,5,0.0
FAL,s8_est,5,0.0
FAL,s9_ee,4,0.0
FAR,s1_gov,21,8.0
FAR,s2_m&a,18,16.0
FAR,s3_c&a,7,3.0
FAR,s4_coms,9,7.0
FAR,s5_mset,5,5.0
FAR,s6_cb,4,2.0
FAR,s7_dsi,5,2.0
FAR,s8_est,5,2.0
FAR,s9_ee,4,3.0
FEN,s1_gov,21,0.0
FEN,s2_m&a,18,0.0
FEN,s3_c&a,7,0.0
FEN,s4_coms,9,0.0
FEN,s5_mset,5,0.0
FEN,s6_cb,4,0.0
FEN,s7_dsi,5,0.0
FEN,s8_est,5,0.0
FEN,s9_ee,4,0.0
FIF,s1_gov,21,15.0
FIF,s2_m&a,18,15.0
FIF,s3_c&a,7,4.0
FIF,s4_coms,9,6.0
FIF,s5_mset,5,4.0
FIF,s6_cb,4,4.0
FIF,s7_dsi,5,2.0
FIF,s8_est,5,5.0
FIF,s9_ee,4,1.0
FLN,s1_gov,21,0.0
FLN,s2_m&a,18,0.0
FLN,s3_c&a,7,0.0
FLN,s4_coms,9,0.0
FLN,s5_mset,5,0.0
FLN,s6_cb,4,0.0
FLN,s7_dsi,5,0.0
FLN,s8_est,5,0.0
FLN,s9_ee,4,0.0
FMO,s1_gov,21,4.0
FMO,s2_m&a,18,7.0
FMO,s3_c&a,7,4.0
FMO,s4_coms,9,3.0
FMO,s5_mset,5,1.0
FMO,s6_cb,4,1.0
FMO,s7_dsi,5,0.0
FMO,s8_est,5,1.0
FMO,s9_ee,4,0.0
FOE,s1_gov,21,10.0
FOE,s2_m&a,18,9.0
FOE,s3_c&a,7,3.0
FOE,s4_coms,9,7.0
FOE,s5_mset,5,2.0
FOE,s6_cb,4,2.0
FOE,s7_dsi,5,0.0
FOE,s8_est,5,1.0
FOE,s9_ee,4,3.0
FYL,s1_gov,21,0.0
FYL,s2_m&a,18,0.0
FYL,s3_c&a,7,0.0
FYL,s4_coms,9,0.0
FYL,s5_mset,5,0.0
FYL,s6_cb,4,0.0
FYL,s7_dsi,5,0.0
FYL,s8_est,5,0.0
FYL,s9_ee,4,0.0
GAT,s1_gov,21,3.0
GAT,s2_m&a,18,0.0
GAT,s3_c&a,7,0.0
GAT,s4_coms,9,5.0
GAT,s5_mset,5,1.0
GAT,s6_cb,4,2.0
GAT,s7_dsi,5,0.0
GAT,s8_est,5,0.0
GAT,s9_ee,4,1.0
GED,s1_gov,21,11.0
GED,s2_m&a,18,14.0
GED,s3_c&a,7,3.0
GED,s4_coms,9,4.0
GED,s5_mset,5,3.0
GED,s6_cb,4,1.0
GED,s7_dsi,5,0.0
GED,s8_est,5,2.0
GED,s9_ee,4,2.0
GLA,s1_gov,21,10.0
GLA,s2_m&a,18,12.0
GLA,s3_c&a,7,4.0
GLA,s4_coms,9,8.0
GLA,s5_mset,5,4.0
GLA,s6_cb,4,4.0
GLA,s7_dsi,5,3.0
GLA,s8_est,5,2.0
GLA,s9_ee,4,3.0
GLG,s1_gov,21,16.0
GLG,s2_m&a,18,11.0
GLG,s3_c&a,7,6.0
GLG,s4_coms,9,7.0
GLG,s5_mset,5,3.0
GLG,s6_cb,4,4.0
GLG,s7_dsi,5,2.0
GLG,s8_est,5,5.0
GLG,s9_ee,4,4.0
GLO,s1_gov,21,0.0
GLO,s2_m&a,18,0.0
GLO,s3_c&a,7,0.0
GLO,s4_coms,9,0.0
GLO,s5_mset,5,0.0
GLO,s6_cb,4,0.0
GLO,s7_dsi,5,0.0
GLO,s8_est,5,0.0
GLO,s9_ee,4,0.0
GLS,s1_gov,21,8.0
GLS,s2_m&a,18,7.0
GLS,s3_c&a,5,3.0
GLS,s4_coms,9,5.0
GLS,s5_mset,5,2.0
GLS,s6_cb,4,0.0
GLS,s7_dsi,5,0.0
GLS,s8_est,5,0.0
GLS,s9_ee,4,0.0
GMCA,s1_gov,21,6.0
GMCA,s2_m&a,18,15.0
GMCA,s3_c&a,5,2.0
GMCA,s4_coms,9,6.0
GMCA,s5_mset,5,4.0
GMCA,s6_cb,4,4.0
GMCA,s7_dsi,5,1.0
GMCA,s8_est,5,3.0
GMCA,s9_ee,4,3.0
GOS,s1_gov,21,8.0
GOS,s2_m&a,18,9.0
GOS,s3_c&a,7,5.0
GOS,s4_coms,9,4.0
GOS,s5_mset,5,3.0
GOS,s6_cb,4,1.0
GOS,s7_dsi,5,0.0
GOS,s8_est,5,1.0
GOS,s9_ee,4,2.0
GRA,s1_gov,21,12.0
GRA,s2_m&a,18,11.0
GRA,s3_c&a,7,5.0
GRA,s4_coms,9,5.0
GRA,s5_mset,5,2.0
GRA,s6_cb,4,4.0
GRA,s7_dsi,5,1.0
GRA,s8_est,5,2.0
GRA,s9_ee,4,2.0
GRE,s1_gov,21,16.0
GRE,s2_m&a,18,11.0
GRE,s3_c&a,7,5.0
GRE,s4_coms,9,5.0
GRE,s5_mset,5,4.0
GRE,s6_cb,4,3.0
GRE,s7_dsi,5,1.0
GRE,s8_est,5,4.0
GRE,s9_ee,4,2.0
GRT,s1_gov,21,7.0
GRT,s2_m&a,18,17.0
GRT,s3_c&a,7,3.0
GRT,s4_coms,9,1.0
GRT,s5_mset,5,1.0
GRT,s6_cb,4,2.0
GRT,s7_dsi,5,0.0
GRT,s8_est,5,3.0
GRT,s9_ee,4,1.0
GRY,s1_gov,21,0.0
GRY,s2_m&a,18,0.0
GRY,s3_c&a,7,0.0
GRY,s4_coms,9,0.0
GRY,s5_mset,5,0.0
GRY,s6_cb,4,0.0
GRY,s7_dsi,5,0.0
GRY,s8_est,5,0.0
GRY,s9_ee,4,0.0
GWN,s1_gov,21,0.0
GWN,s2_m&a,18,0.0
GWN,s3_c&a,7,0.0
GWN,s4_coms,9,0.0
GWN,s5_mset,5,0.0
GWN,s6_cb,4,0.0
GWN,s7_dsi,5,0.0
GWN,s8_est,5,0.0
GWN,s9_ee,4,0.0
HAA,s1_gov,21,7.0
HAA,s2_m&a,18,10.0
HAA,s3_c&a,7,5.0
HAA,s4_coms,9,5.0
HAA,s5_mset,5,1.0
HAA,s6_cb,4,3.0
HAA,s7_dsi,5,0.0
HAA,s8_est,5,1.0
HAA,s9_ee,4,3.0
HAE,s1_gov,21,4.0
HAE,s2_m&a,18,3.0
HAE,s3_c&a,7,3.0
HAE,s4_coms,9,3.0
HAE,s5_mset,5,1.0
HAE,s6_cb,4,0.0
HAE,s7_dsi,5,0.0
HAE,s8_est,5,1.0
HAE,s9_ee,4,1.0
HAG,s1_gov,21,4.0
HAG,s2_m&a,18,2.0
HAG,s3_c&a,7,2.0
HAG,s4_coms,9,3.0
HAG,s5_mset,5,1.0
HAG,s6_cb,4,1.0
HAG,s7_dsi,5,1.0
HAG,s8_est,5,0.0
HAG,s9_ee,4,0.0
HAL,s1_gov,21,0.0
HAL,s2_m&a,18,0.0
HAL,s3_c&a,7,0.0
HAL,s4_coms,9,0.0
HAL,s5_mset,5,0.0
HAL,s6_cb,4,0.0
HAL,s7_dsi,5,0.0
HAL,s8_est,5,0.0
HAL,s9_ee,4,0.0
HAM,s1_gov,21,10.0
HAM,s2_m&a,18,15.0
HAM,s3_c&a,5,3.0
HAM,s4_coms,9,6.0
HAM,s5_mset,5,3.0
HAM,s6_cb,4,3.0
HAM,s7_dsi,5,0.0
HAM,s8_est,5,1.0
HAM,s9_ee,4,2.0
HAO,s1_gov,21,4.0
HAO,s2_m&a,18,13.0
HAO,s3_c&a,7,4.0
HAO,s4_coms,9,4.0
HAO,s5_mset,5,1.0
HAO,s6_cb,4,4.0
HAO,s7_dsi,5,0.0
HAO,s8_est,5,1.0
HAO,s9_ee,4,3.0
HAR,s1_gov,21,2.0
HAR,s2_m&a,18,0.0
HAR,s3_c&a,7,2.0
HAR,s4_coms,9,0.0
HAR,s5_mset,5,0.0
HAR,s6_cb,4,0.0
HAR,s7_dsi,5,0.0
HAR,s8_est,5,0.0
HAR,s9_ee,4,0.0
HAS,s1_gov,21,8.0
HAS,s2_m&a,18,5.0
HAS,s3_c&a,7,4.0
HAS,s4_coms,9,5.0
HAS,s5_mset,5,4.0
HAS,s6_cb,4,3.0
HAS,s7_dsi,5,0.0
HAS,s8_est,5,0.0
HAS,s9_ee,4,3.0
HAT,s1_gov,21,8.0
HAT,s2_m&a,18,3.0
HAT,s3_c&a,7,3.0
HAT,s4_coms,9,4.0
HAT,s5_mset,5,1.0
HAT,s6_cb,4,0.0
HAT,s7_dsi,5,0.0
HAT,s8_est,5,0.0
HAT,s9_ee,4,0.0
HAV,s1_gov,21,0.0
HAV,s2_m&a,18,0.0
HAV,s3_c&a,7,0.0
HAV,s4_coms,9,0.0
HAV,s5_mset,5,0.0
HAV,s6_cb,4,0.0
HAV,s7_dsi,5,0.0
HAV,s8_est,5,0.0
HAV,s9_ee,4,0.0
HCK,s1_gov,21,0.0
HCK,s2_m&a,18,0.0
HCK,s3_c&a,7,0.0
HCK,s4_coms,9,0.0
HCK,s5_mset,5,0.0
HCK,s6_cb,4,0.0
HCK,s7_dsi,5,0.0
HCK,s8_est,5,0.0
HCK,s9_ee,4,0.0
HEF,s1_gov,21,10.0
HEF,s2_m&a,18,11.0
HEF,s3_c&a,7,6.0
HEF,s4_coms,9,8.0
HEF,s5_mset,5,5.0
HEF,s6_cb,4,0.0
HEF,s7_dsi,5,0.0
HEF,s8_est,5,1.0
HEF,s9_ee,4,3.0
HER,s1_gov,21,3.0
HER,s2_m&a,18,14.0
HER,s3_c&a,7,5.0
HER,s4_coms,9,5.0
HER,s5_mset,5,2.0
HER,s6_cb,4,0.0
HER,s7_dsi,5,0.0
HER,s8_est,5,1.0
HER,s9_ee,4,2.0
HIG,s1_gov,21,10.0
HIG,s2_m&a,18,0.0
HIG,s3_c&a,7,4.0
HIG,s4_coms,9,4.0
HIG,s5_mset,5,5.0
HIG,s6_cb,4,0.0
HIG,s7_dsi,5,1.0
HIG,s8_est,5,1.0
HIG,s9_ee,4,2.0
HIL,s1_gov,21,7.0
HIL,s2_m&a,18,5.0
HIL,s3_c&a,7,2.0
HIL,s4_coms,9,8.0
HIL,s5_mset,5,3.0
HIL,s6_cb,4,1.0
HIL,s7_dsi,5,0.0
HIL,s8_est,5,2.0
HIL,s9_ee,4,3.0
HIN,s1_gov,21,3.0
HIN,s2_m&a,18,1.0
HIN,s3_c&a,7,1.0
HIN,s4_coms,9,5.0
HIN,s5_mset,5,0.0
HIN,s6_cb,4,0.0
HIN,s7_dsi,5,0.0
HIN,s8_est,5,1.0
HIN,s9_ee,4,0.0
HLD,s1_gov,21,0.0
HLD,s2_m&a,18,0.0
HLD,s3_c&a,7,0.0
HLD,s4_coms,9,0.0
HLD,s5_mset,5,0.0
HLD,s6_cb,4,0.0
HLD,s7_dsi,5,0.0
HLD,s8_est,5,0.0
HLD,s9_ee,4,0.0
HMF,s1_gov,21,17.0
HMF,s2_m&a,18,18.0
HMF,s3_c&a,7,5.0
HMF,s4_coms,9,7.0
HMF,s5_mset,5,5.0
HMF,s6_cb,4,4.0
HMF,s7_dsi,5,1.0
HMF,s8_est,5,5.0
HMF,s9_ee,4,3.0
HNS,s1_gov,21,15.0
HNS,s2_m&a,18,10.0
HNS,s3_c&a,7,6.0
HNS,s4_coms,9,7.0
HNS,s5_mset,5,2.0
HNS,s6_cb,4,3.0
HNS,s7_dsi,5,2.0
HNS,s8_est,5,4.0
HNS,s9_ee,4,1.0
HOR,s1_gov,21,10.0
HOR,s2_m&a,18,2.0
HOR,s3_c&a,7,3.0
HOR,s4_coms,9,3.0
HOR,s5_mset,5,2.0
HOR,s6_cb,4,3.0
HOR,s7_dsi,5,0.0
HOR,s8_est,5,1.0
HOR,s9_ee,4,0.0
HPL,s1_gov,21,0.0
HPL,s2_m&a,18,0.0
HPL,s3_c&a,7,0.0
HPL,s4_coms,9,0.0
HPL,s5_mset,5,0.0
HPL,s6_cb,4,0.0
HPL,s7_dsi,5,0.0
HPL,s8_est,5,0.0
HPL,s9_ee,4,0.0
HRT,s1_gov,21,6.0
HRT,s2_m&a,18,11.0
HRT,s3_c&a,5,4.0
HRT,s4_coms,9,6.0
HRT,s5_mset,5,2.0
HRT,s6_cb,4,4.0
HRT,s7_dsi,5,0.0
HRT,s8_est,5,2.0
HRT,s9_ee,4,1.0
HRW,s1_gov,21,13.0
HRW,s2_m&a,18,13.0
HRW,s3_c&a,7,5.0
HRW,s4_coms,9,3.0
HRW,s5_mset,5,4.0
HRW,s6_cb,4,2.0
HRW,s7_dsi,5,2.0
HRW,s8_est,5,4.0
HRW,s9_ee,4,3.0
HRY,s1_gov,21,15.0
HRY,s2_m&a,18,11.0
HRY,s3_c&a,7,6.0
HRY,s4_coms,9,6.0
HRY,s5_mset,5,5.0
HRY,s6_cb,4,2.0
HRY,s7_dsi,5,2.0
HRY,s8_est,5,3.0
HRY,s9_ee,4,3.0
HUN,s1_gov,21,0.0
HUN,s2_m&a,18,0.0
HUN,s3_c&a,7,0.0
HUN,s4_coms,9,0.0
HUN,s5_mset,5,0.0
HUN,s6_cb,4,0.0
HUN,s7_dsi,5,0.0
HUN,s8_est,5,0.0
HUN,s9_ee,4,0.0
HYN,s1_gov,21,0.0
HYN,s2_m&a,18,0.0
HYN,s3_c&a,7,0.0
HYN,s4_coms,9,0.0
HYN,s5_mset,5,0.0
HYN,s6_cb,4,0.0
HYN,s7_dsi,5,0.0
HYN,s8_est,5,0.0
HYN,s9_ee,4,0.0
IOS,s1_gov,21,0.0
IOS,s2_m&a,18,0.0
IOS,s3_c&a,7,0.0
IOS,s4_coms,9,0.0
IOS,s5_mset,5,0.0
IOS,s6_cb,4,0.0
IOS,s7_dsi,5,0.0
IOS,s8_est,5,0.0
IOS,s9_ee,4,0.0
IOW,s1_gov,21,12.0
IOW,s2_m&a,18,17.0
IOW,s3_c&a,7,5.0
IOW,s4_coms,9,7.0
IOW,s5_mset,5,4.0
IOW,s6_cb,4,4.0
IOW,s7_dsi,5,3.0
IOW,s8_est,5,4.0
IOW,s9_ee,4,4.0
IPS,s1_gov,21,13.0
IPS,s2_m&a,18,6.0
IPS,s3_c&a,7,4.0
IPS,s4_coms,9,8.0
IPS,s5_mset,5,3.0
IPS,s6_cb,4,2.0
IPS,s7_dsi,5,0.0
IPS,s8_est,5,2.0
IPS,s9_ee,4,2.0
ISL,s1_gov,21,15.0
ISL,s2_m&a,18,8.0
ISL,s3_c&a,7,5.0
ISL,s4_coms,9,8.0
ISL,s5_mset,5,4.0
ISL,s6_cb,4,2.0
ISL,s7_dsi,5,1.0
ISL,s8_est,5,2.0
ISL,s9_ee,4,3.0
IVC,s1_gov,21,5.0
IVC,s2_m&a,18,2.0
IVC,s3_c&a,7,2.0
IVC,s4_coms,9,1.0
IVC,s5_mset,5,2.0
IVC,s6_cb,4,0.0
IVC,s7_dsi,5,0.0
IVC,s8_est,5,2.0
IVC,s9_ee,4,1.0
KEC,s1_gov,21,9.0
KEC,s2_m&a,18,13.0
KEC,s3_c&a,7,5.0
KEC,s4_coms,9,4.0
KEC,s5_mset,5,3.0
KEC,s6_cb,4,4.0
KEC,s7_dsi,5,3.0
KEC,s8_est,5,4.0
KEC,s9_ee,4,2.0
KEN,s1_gov,21,10.0
KEN,s2_m&a,18,10.0
KEN,s3_c&a,5,4.0
KEN,s4_coms,9,6.0
KEN,s5_mset,5,3.0
KEN,s6_cb,4,4.0
KEN,s7_dsi,5,1.0
KEN,s8_est,5,0.0
KEN,s9_ee,4,2.0
KHL,s1_gov,21,7.0
KHL,s2_m&a,18,10.0
KHL,s3_c&a,7,3.0
KHL,s4_coms,9,6.0
KHL,s5_mset,5,5.0
KHL,s6_cb,4,2.0
KHL,s7_dsi,5,1.0
KHL,s8_est,5,2.0
KHL,s9_ee,4,1.0
KIN,s1_gov,21,8.0
KIN,s2_m&a,18,2.0
KIN,s3_c&a,7,1.0
KIN,s4_coms,9,5.0
KIN,s5_mset,5,3.0
KIN,s6_cb,4,0.0
KIN,s7_dsi,5,0.0
KIN,s8_est,5,1.0
KIN,s9_ee,4,0.0
KIR,s1_gov,21,0.0
KIR,s2_m&a,18,0.0
KIR,s3_c&a,7,0.0
KIR,s4_coms,9,0.0
KIR,s5_mset,5,0.0
KIR,s6_cb,4,0.0
KIR,s7_dsi,5,0.0
KIR,s8_est,5,0.0
KIR,s9_ee,4,0.0
KTT,s1_gov,21,7.0
KTT,s2_m&a,18,17.0
KTT,s3_c&a,7,3.0
KTT,s4_coms,9,8.0
KTT,s5_mset,5,2.0
KTT,s6_cb,4,2.0
KTT,s7_dsi,5,1.0
KTT,s8_est,5,2.0
KTT,s9_ee,4,2.0
KWL,s1_gov,21,9.0
KWL,s2_m&a,18,0.0
KWL,s3_c&a,7,4.0
KWL,s4_coms,9,2.0
KWL,s5_mset,5,2.0
KWL,s6_cb,4,0.0
KWL,s7_dsi,5,0.0
KWL,s8_est,5,1.0
KWL,s9_ee,4,0.0
LAC,s1_gov,21,6.0
LAC,s2_m&a,18,4.0
LAC,s3_c&a,7,1.0
LAC,s4_coms,9,0.0
LAC,s5_mset,5,0.0
LAC,s6_cb,4,0.0
LAC,s7_dsi,5,0.0
LAC,s8_est,5,1.0
LAC,s9_ee,4,0.0
LAN,s1_gov,21,0.0
LAN,s2_m&a,18,0.0
LAN,s3_c&a,5,0.0
LAN,s4_coms,9,0.0
LAN,s5_mset,5,0.0
LAN,s6_cb,4,0.0
LAN,s7_dsi,5,0.0
LAN,s8_est,5,0.0
LAN,s9_ee,4,0.0
LBC,s1_gov,21,0.0
LBC,s2_m&a,18,0.0
LBC,s3_c&a,7,0.0
LBC,s4_coms,9,0.0
LBC,s5_mset,5,0.0
LBC,s6_cb,4,0.0
LBC,s7_dsi,5,0.0
LBC,s8_est,5,0.0
LBC,s9_ee,4,0.0
LBH,s1_gov,21,7.0
LBH,s2_m&a,18,3.0
LBH,s3_c&a,7,4.0
LBH,s4_coms,9,4.0
LBH,s5_mset,5,4.0
LBH,s6_cb,4,2.0
LBH,s7_dsi,5,0.0
LBH,s8_est,5,0.0
LBH,s9_ee,4,3.0
LCE,s1_gov,21,19.0
LCE,s2_m&a,18,15.0
LCE,s3_c&a,7,6.0
LCE,s4_coms,9,9.0
LCE,s5_mset,5,4.0
LCE,s6_cb,4,3.0
LCE,s7_dsi,5,0.0
LCE,s8_est,5,1.0
LCE,s9_ee,4,3.0
LCR,s1_gov,21,9.0
LCR,s2_m&a,18,15.0
LCR,s3_c&a,5,1.0
LCR,s4_coms,9,3.0
LCR,s5_mset,5,3.0
LCR,s6_cb,4,1.0
LCR,s7_dsi,5,0.0
LCR,s8_est,5,5.0
LCR,s9_ee,4,2.0
LDS,s1_gov,21,14.0
LDS,s2_m&a,18,11.0
LDS,s3_c&a,7,5.0
LDS,s4_coms,9,6.0
LDS,s5_mset,5,4.0
LDS,s6_cb,4,4.0
LDS,s7_dsi,5,3.0
LDS,s8_est,5,4.0
LDS,s9_ee,4,3.0
LEC,s1_gov,21,9.0
LEC,s2_m&a,18,6.0
LEC,s3_c&a,5,4.0
LEC,s4_coms,9,4.0
LEC,s5_mset,5,4.0
LEC,s6_cb,4,3.0
LEC,s7_dsi,5,0.0
LEC,s8_est,5,2.0
LEC,s9_ee,4,2.0
LEE,s1_gov,21,17.0
LEE,s2_m&a,18,9.0
LEE,s3_c&a,7,5.0
LEE,s4_coms,9,5.0
LEE,s5_mset,5,5.0
LEE,s6_cb,4,0.0
LEE,s7_dsi,5,1.0
LEE,s8_est,5,2.0
LEE,s9_ee,4,2.0
LEW,s1_gov,21,15.0
LEW,s2_m&a,18,11.0
LEW,s3_c&a,7,7.0
LEW,s4_coms,9,7.0
LEW,s5_mset,5,3.0
LEW,s6_cb,4,4.0
LEW,s7_dsi,5,4.0
LEW,s8_est,5,4.0
LEW,s9_ee,4,3.0
LIC,s1_gov,21,7.0
LIC,s2_m&a,18,1.0
LIC,s3_c&a,7,1.0
LIC,s4_coms,9,4.0
LIC,s5_mset,5,2.0
LIC,s6_cb,4,0.0
LIC,s7_dsi,5,0.0
LIC,s8_est,5,0.0
LIC,s9_ee,4,0.0
LIF,s1_gov,21,0.0
LIF,s2_m&a,18,0.0
LIF,s3_c&a,7,0.0
LIF,s4_coms,9,0.0
LIF,s5_mset,5,0.0
LIF,s6_cb,4,0.0
LIF,s7_dsi,5,0.0
LIF,s8_est,5,0.0
LIF,s9_ee,4,0.0
LIN,s1_gov,21,10.0
LIN,s2_m&a,18,1.0
LIN,s3_c&a,5,1.0
LIN,s4_coms,9,3.0
LIN,s5_mset,5,1.0
LIN,s6_cb,4,1.0
LIN,s7_dsi,5,0.0
LIN,s8_est,5,0.0
LIN,s9_ee,4,0.0
LIV,s1_gov,21,8.0
LIV,s2_m&a,18,4.0
LIV,s3_c&a,7,1.0
LIV,s4_coms,9,1.0
LIV,s5_mset,5,2.0
LIV,s6_cb,4,1.0
LIV,s7_dsi,5,0.0
LIV,s8_est,5,1.0
LIV,s9_ee,4,2.0
LND,s1_gov,21,5.0
LND,s2_m&a,18,8.0
LND,s3_c&a,7,3.0
LND,s4_coms,9,3.0
LND,s5_mset,5,4.0
LND,s6_cb,4,3.0
LND,s7_dsi,5,0.0
LND,s8_est,5,0.0
LND,s9_ee,4,2.0
LUT,s1_gov,21,3.0
LUT,s2_m&a,18,0.0
LUT,s3_c&a,7,4.0
LUT,s4_coms,9,3.0
LUT,s5_mset,5,0.0
LUT,s6_cb,4,0.0
LUT,s7_dsi,5,0.0
LUT,s8_est,5,2.0
LUT,s9_ee,4,0.0
MAI,s1_gov,21,20.0
MAI,s2_m&a,18,15.0
MAI,s3_c&a,7,7.0
MAI,s4_coms,9,8.0
MAI,s5_mset,5,2.0
MAI,s6_cb,4,4.0
MAI,s7_dsi,5,1.0
MAI,s8_est,5,1.0
MAI,s9_ee,4,3.0
MAL,s1_gov,21,0.0
MAL,s2_m&a,18,0.0
MAL,s3_c&a,7,0.0
MAL,s4_coms,9,0.0
MAL,s5_mset,5,0.0
MAL,s6_cb,4,0.0
MAL,s7_dsi,5,0.0
MAL,s8_est,5,0.0
MAL,s9_ee,4,0.0
MAN,s1_gov,21,19.0
MAN,s2_m&a,18,18.0
MAN,s3_c&a,7,6.0
MAN,s4_coms,9,7.0
MAN,s5_mset,5,3.0
MAN,s6_cb,4,4.0
MAN,s7_dsi,5,4.0
MAN,s8_est,5,5.0
MAN,s9_ee,4,4.0
MAS,s1_gov,21,9.0
MAS,s2_m&a,18,3.0
MAS,s3_c&a,7,2.0
MAS,s4_coms,9,6.0
MAS,s5_mset,5,5.0
MAS,s6_cb,4,2.0
MAS,s7_dsi,5,0.0
MAS,s8_est,5,3.0
MAS,s9_ee,4,0.0
MAV,s1_gov,21,11.0
MAV,s2_m&a,18,9.0
MAV,s3_c&a,7,3.0
MAV,s4_coms,9,3.0
MAV,s5_mset,5,2.0
MAV,s6_cb,4,1.0
MAV,s7_dsi,5,0.0
MAV,s8_est,5,1.0
MAV,s9_ee,4,2.0
MDB,s1_gov,21,6.0
MDB,s2_m&a,18,4.0
MDB,s3_c&a,7,1.0
MDB,s4_coms,9,3.0
MDB,s5_mset,5,1.0
MDB,s6_cb,4,3.0
MDB,s7_dsi,5,0.0
MDB,s8_est,5,1.0
MDB,s9_ee,4,2.0
MDE,s1_gov,21,9.0
MDE,s2_m&a,18,10.0
MDE,s3_c&a,7,5.0
MDE,s4_coms,9,5.0
MDE,s5_mset,5,4.0
MDE,s6_cb,4,3.0
MDE,s7_dsi,5,1.0
MDE,s8_est,5,3.0
MDE,s9_ee,4,3.0
MDW,s1_gov,21,14.0
MDW,s2_m&a,18,13.0
MDW,s3_c&a,7,5.0
MDW,s4_coms,9,7.0
MDW,s5_mset,5,5.0
MDW,s6_cb,4,4.0
MDW,s7_dsi,5,0.0
MDW,s8_est,5,5.0
MDW,s9_ee,4,2.0
MEA,s1_gov,21,0.0
MEA,s2_m&a,18,0.0
MEA,s3_c&a,7,0.0
MEA,s4_coms,9,0.0
MEA,s5_mset,5,0.0
MEA,s6_cb,4,0.0
MEA,s7_dsi,5,0.0
MEA,s8_est,5,0.0
MEA,s9_ee,4,0.0
MEL,s1_gov,21,0.0
MEL,s2_m&a,18,0.0
MEL,s3_c&a,7,0.0
MEL,s4_coms,9,0.0
MEL,s5_mset,5,0.0
MEL,s6_cb,4,0.0
MEL,s7_dsi,5,0.0
MEL,s8_est,5,0.0
MEL,s9_ee,4,0.0
MEN,s1_gov,21,16.0
MEN,s2_m&a,18,18.0
MEN,s3_c&a,7,3.0
MEN,s4_coms,9,7.0
MEN,s5_mset,5,4.0
MEN,s6_cb,4,4.0
MEN,s7_dsi,5,2.0
MEN,s8_est,5,2.0
MEN,s9_ee,4,4.0
MIK,s1_gov,21,10.0
MIK,s2_m&a,18,10.0
MIK,s3_c&a,7,5.0
MIK,s4_coms,9,3.0
MIK,s5_mset,5,2.0
MIK,s6_cb,4,3.0
MIK,s7_dsi,5,1.0
MIK,s8_est,5,2.0
MIK,s9_ee,4,3.0
MLN,s1_gov,21,13.0
MLN,s2_m&a,18,10.0
MLN,s3_c&a,7,5.0
MLN,s4_coms,9,5.0
MLN,s5_mset,5,4.0
MLN,s6_cb,4,0.0
MLN,s7_dsi,5,0.0
MLN,s8_est,5,1.0
MLN,s9_ee,4,2.0
MOL,s1_gov,21,14.0
MOL,s2_m&a,18,17.0
MOL,s3_c&a,7,6.0
MOL,s4_coms,9,5.0
MOL,s5_mset,5,3.0
MOL,s6_cb,4,3.0
MOL,s7_dsi,5,0.0
MOL,s8_est,5,3.0
MOL,s9_ee,4,2.0
MON,s1_gov,21,9.0
MON,s2_m&a,18,10.0
MON,s3_c&a,7,4.0
MON,s4_coms,9,3.0
MON,s5_mset,5,3.0
MON,s6_cb,4,1.0
MON,s7_dsi,5,0.0
MON,s8_est,5,2.0
MON,s9_ee,4,2.0
MRT,s1_gov,21,14.0
MRT,s2_m&a,18,7.0
MRT,s3_c&a,7,6.0
MRT,s4_coms,9,6.0
MRT,s5_mset,5,4.0
MRT,s6_cb,4,1.0
MRT,s7_dsi,5,0.0
MRT,s8_est,5,1.0
MRT,s9_ee,4,2.0
MRY,s1_gov,21,9.0
MRY,s2_m&a,18,4.0
MRY,s3_c&a,7,5.0
MRY,s4_coms,9,5.0
MRY,s5_mset,5,2.0
MRY,s6_cb,4,1.0
MRY,s7_dsi,5,0.0
MRY,s8_est,5,2.0
MRY,s9_ee,4,0.0
MSS,s1_gov,21,6.0
MSS,s2_m&a,18,10.0
MSS,s3_c&a,7,1.0
MSS,s4_coms,9,2.0
MSS,s5_mset,5,1.0
MSS,s6_cb,4,0.0
MSS,s7_dsi,5,0.0
MSS,s8_est,5,0.0
MSS,s9_ee,4,0.0
MSU,s1_gov,21,14.0
MSU,s2_m&a,18,13.0
MSU,s3_c&a,7,5.0
MSU,s4_coms,9,6.0
MSU,s5_mset,5,2.0
MSU,s6_cb,4,2.0
MSU,s7_dsi,5,0.0
MSU,s8_est,5,3.0
MSU,s9_ee,4,3.0
MTY,s1_gov,21,2.0
MTY,s2_m&a,18,0.0
MTY,s3_c&a,7,1.0
MTY,s4_coms,9,2.0
MTY,s5_mset,5,1.0
MTY,s6_cb,4,0.0
MTY,s7_dsi,5,0.0
MTY,s8_est,5,0.0
MTY,s9_ee,4,0.0
MUL,s1_gov,21,0.0
MUL,s2_m&a,18,0.0
MUL,s3_c&a,7,0.0
MUL,s4_coms,9,0.0
MUL,s5_mset,5,0.0
MUL,s6_cb,4,0.0
MUL,s7_dsi,5,0.0
MUL,s8_est,5,0.0
MUL,s9_ee,4,0.0
NAY,s1_gov,21,9.0
NAY,s2_m&a,18,6.0
NAY,s3_c&a,7,3.0
NAY,s4_coms,9,3.0
NAY,s5_mset,5,3.0
NAY,s6_cb,4,0.0
NAY,s7_dsi,5,0.0
NAY,s8_est,5,3.0
NAY,s9_ee,4,2.0
NBL,s1_gov,21,17.0
NBL,s2_m&a,18,10.0
NBL,s3_c&a,7,6.0
NBL,s4_coms,9,8.0
NBL,s5_mset,5,4.0
NBL,s6_cb,4,2.0
NBL,s7_dsi,5,1.0
NBL,s8_est,5,4.0
NBL,s9_ee,4,4.0
NDE,s1_gov,21,0.0
NDE,s2_m&a,18,0.0
NDE,s3_c&a,7,0.0
NDE,s4_coms,9,0.0
NDE,s5_mset,5,0.0
NDE,s6_cb,4,0.0
NDE,s7_dsi,5,0.0
NDE,s8_est,5,0.0
NDE,s9_ee,4,0.0
NEA,s1_gov,21,12.0
NEA,s2_m&a,18,10.0
NEA,s3_c&a,7,4.0
NEA,s4_coms,9,3.0
NEA,s5_mset,5,2.0
NEA,s6_cb,4,0.0
NEA,s7_dsi,5,1.0
NEA,s8_est,5,1.0
NEA,s9_ee,4,2.0
NEC,s1_gov,21,8.0
NEC,s2_m&a,18,3.0
NEC,s3_c&a,7,2.0
NEC,s4_coms,9,3.0
NEC,s5_mset,5,3.0
NEC,s6_cb,4,2.0
NEC,s7_dsi,5,0.0
NEC,s8_est,5,0.0
NEC,s9_ee,4,3.0
NECA,s1_gov,21,0.0
NECA,s2_m&a,18,0.0
NECA,s3_c&a,5,0.0
NECA,s4_coms,9,0.0
NECA,s5_mset,5,0.0
NECA,s6_cb,4,0.0
NECA,s7_dsi,5,0.0
NECA,s8_est,5,0.0
NECA,s9_ee,4,0.0
NED,s1_gov,21,7.0
NED,s2_m&a,18,13.0
NED,s3_c&a,7,3.0
NED,s4_coms,9,3.0
NED,s5_mset,5,1.0
NED,s6_cb,4,2.0
NED,s7_dsi,5,0.0
NED,s8_est,5,1.0
NED,s9_ee,4,0.0
NEL,s1_gov,21,0.0
NEL,s2_m&a,18,0.0
NEL,s3_c&a,7,0.0
NEL,s4_coms,9,0.0
NEL,s5_mset,5,0.0
NEL,s6_cb,4,0.0
NEL,s7_dsi,5,0.0
NEL,s8_est,5,0.0
NEL,s9_ee,4,0.0
NET,s1_gov,21,16.0
NET,s2_m&a,18,16.0
NET,s3_c&a,7,6.0
NET,s4_coms,9,8.0
NET,s5_mset,5,4.0
NET,s6_cb,4,4.0
NET,s7_dsi,5,4.0
NET,s8_est,5,3.0
NET,s9_ee,4,3.0
NEW,s1_gov,21,0.0
NEW,s2_m&a,18,0.0
NEW,s3_c&a,7,0.0
NEW,s4_coms,9,0.0
NEW,s5_mset,5,0.0
NEW,s6_cb,4,0.0
NEW,s7_dsi,5,0.0
NEW,s8_est,5,0.0
NEW,s9_ee,4,0.0
NFK,s1_gov,21,0.0
NFK,s2_m&a,18,0.0
NFK,s3_c&a,5,0.0
NFK,s4_coms,9,0.0
NFK,s5_mset,5,0.0
NFK,s6_cb,4,0.0
NFK,s7_dsi,5,0.0
NFK,s8_est,5,0.0
NFK,s9_ee,4,0.0
NGM,s1_gov,21,14.0
NGM,s2_m&a,18,15.0
NGM,s3_c&a,7,6.0
NGM,s4_coms,9,5.0
NGM,s5_mset,5,5.0
NGM,s6_cb,4,4.0
NGM,s7_dsi,5,2.0
NGM,s8_est,5,5.0
NGM,s9_ee,4,3.0
NHE,s1_gov,21,11.0
NHE,s2_m&a,18,8.0
NHE,s3_c&a,7,1.0
NHE,s4_coms,9,3.0
NHE,s5_mset,5,2.0
NHE,s6_cb,4,0.0
NHE,s7_dsi,5,0.0
NHE,s8_est,5,1.0
NHE,s9_ee,4,3.0
NKE,s1_gov,21,15.0
NKE,s2_m&a,18,18.0
NKE,s3_c&a,7,5.0
NKE,s4_coms,9,6.0
NKE,s5_mset,5,5.0
NKE,s6_cb,4,3.0
NKE,s7_dsi,5,2.0
NKE,s8_est,5,1.0
NKE,s9_ee,4,2.0
NLK,s1_gov,21,14.0
NLK,s2_m&a,18,12.0
NLK,s3_c&a,7,3.0
NLK,s4_coms,9,3.0
NLK,s5_mset,5,3.0
NLK,s6_cb,4,1.0
NLK,s7_dsi,5,3.0
NLK,s8_est,5,2.0
NLK,s9_ee,4,3.0
NLN,s1_gov,21,4.0
NLN,s2_m&a,18,1.0
NLN,s3_c&a,7,2.0
NLN,s4_coms,9,3.0
NLN,s5_mset,5,1.0
NLN,s6_cb,4,0.0
NLN,s7_dsi,5,0.0
NLN,s8_est,5,0.0
NLN,s9_ee,4,0.0
NMD,s1_gov,21,0.0
NMD,s2_m&a,18,0.0
NMD,s3_c&a,7,0.0
NMD,s4_coms,9,0.0
NMD,s5_mset,5,0.0
NMD,s6_cb,4,0.0
NMD,s7_dsi,5,0.0
NMD,s8_est,5,0.0
NMD,s9_ee,4,0.0
NNO,s1_gov,21,3.0
NNO,s2_m&a,18,1.0
NNO,s3_c&a,7,1.0
NNO,s4_coms,9,5.0
NNO,s5_mset,5,0.0
NNO,s6_cb,4,0.0
NNO,s7_dsi,5,0.0
NNO,s8_est,5,0.0
NNO,s9_ee,4,2.0
NNT,s1_gov,21,7.0
NNT,s2_m&a,18,1.0
NNT,s3_c&a,7,6.0
NNT,s4_coms,9,4.0
NNT,s5_mset,5,3.0
NNT,s6_cb,4,3.0
NNT,s7_dsi,5,0.0
NNT,s8_est,5,3.0
NNT,s9_ee,4,1.0
NOW,s1_gov,21,9.0
NOW,s2_m&a,18,9.0
NOW,s3_c&a,7,2.0
NOW,s4_coms,9,5.0
NOW,s5_mset,5,3.0
NOW,s6_cb,4,0.0
NOW,s7_dsi,5,0.0
NOW,s8_est,5,0.0
NOW,s9_ee,4,0.0
NSM,s1_gov,21,8.0
NSM,s2_m&a,18,6.0
NSM,s3_c&a,7,1.0
NSM,s4_coms,9,3.0
NSM,s5_mset,5,4.0
NSM,s6_cb,4,1.0
NSM,s7_dsi,5,0.0
NSM,s8_est,5,1.0
NSM,s9_ee,4,3.0
NTCA,s1_gov,21,8.0
NTCA,s2_m&a,18,3.0
NTCA,s3_c&a,5,1.0
NTCA,s4_coms,9,3.0
NTCA,s5_mset,5,2.0
NTCA,s6_cb,4,2.0
NTCA,s7_dsi,5,1.0
NTCA,s8_est,5,4.0
NTCA,s9_ee,4,0.0
NTL,s1_gov,21,4.0
NTL,s2_m&a,18,6.0
NTL,s3_c&a,7,5.0
NTL,s4_coms,9,3.0
NTL,s5_mset,5,2.0
NTL,s6_cb,4,1.0
NTL,s7_dsi,5,0.0
NTL,s8_est,5,0.0
NTL,s9_ee,4,3.0
NTT,s1_gov,21,4.0
NTT,s2_m&a,18,1.0
NTT,s3_c&a,5,2.0
NTT,s4_coms,9,2.0
NTT,s5_mset,5,1.0
NTT,s6_cb,4,1.0
NTT,s7_dsi,5,0.0
NTT,s8_est,5,1.0
NTT,s9_ee,4,1.0
NTY,s1_gov,21,12.0
NTY,s2_m&a,18,9.0
NTY,s3_c&a,7,3.0
NTY,s4_coms,9,6.0
NTY,s5_mset,5,4.0
NTY,s6_cb,4,2.0
NTY,s7_dsi,5,0.0
NTY,s8_est,5,4.0
NTY,s9_ee,4,3.0
NUN,s1_gov,21,0.0
NUN,s2_m&a,18,0.0
NUN,s3_c&a,7,0.0
NUN,s4_coms,9,0.0
NUN,s5_mset,5,0.0
NUN,s6_cb,4,0.0
NUN,s7_dsi,5,0.0
NUN,s8_est,5,0.0
NUN,s9_ee,4,0.0
NWA,s1_gov,21,0.0
NWA,s2_m&a,18,0.0
NWA,s3_c&a,7,0.0
NWA,s4_coms,9,0.0
NWA,s5_mset,5,0.0
NWA,s6_cb,4,0.0
NWA,s7_dsi,5,0.0
NWA,s8_est,5,0.0
NWA,s9_ee,4,0.0
NWL,s1_gov,21,7.0
NWL,s2_m&a,18,10.0
NWL,s3_c&a,7,3.0
NWL,s4_coms,9,4.0
NWL,s5_mset,5,4.0
NWL,s6_cb,4,1.0
NWL,s7_dsi,5,0.0
NWL,s8_est,5,3.0
NWL,s9_ee,4,1.0
NWM,s1_gov,21,7.0
NWM,s2_m&a,18,7.0
NWM,s3_c&a,7,5.0
NWM,s4_coms,9,8.0
NWM,s5_mset,5,2.0
NWM,s6_cb,4,3.0
NWM,s7_dsi,5,2.0
NWM,s8_est,5,2.0
NWM,s9_ee,4,1.0
NWP,s1_gov,21,10.0
NWP,s2_m&a,18,1.0
NWP,s3_c&a,7,1.0
NWP,s4_coms,9,1.0
NWP,s5_mset,5,0.0
NWP,s6_cb,4,1.0
NWP,s7_dsi,5,0.0
NWP,s8_est,5,0.0
NWP,s9_ee,4,0.0
NYK,s1_gov,21,11.0
NYK,s2_m&a,18,1.0
NYK,s3_c&a,5,4.0
NYK,s4_coms,9,6.0
NYK,s5_mset,5,2.0
NYK,s6_cb,4,1.0
NYK,s7_dsi,5,1.0
NYK,s8_est,5,4.0
NYK,s9_ee,4,2.0
OAD,s1_gov,21,5.0
OAD,s2_m&a,18,4.0
OAD,s3_c&a,7,4.0
OAD,s4_coms,9,4.0
OAD,s5_mset,5,1.0
OAD,s6_cb,4,2.0
OAD,s7_dsi,5,0.0
OAD,s8_est,5,2.0
OAD,s9_ee,4,0.0
OLD,s1_gov,21,3.0
OLD,s2_m&a,18,2.0
OLD,s3_c&a,7,2.0
OLD,s4_coms,9,6.0
OLD,s5_mset,5,1.0
OLD,s6_cb,4,2.0
OLD,s7_dsi,5,1.0
OLD,s8_est,5,4.0
OLD,s9_ee,4,1.0
ORK,s1_gov,21,7.0
ORK,s2_m&a,18,1.0
ORK,s3_c&a,7,0.0
ORK,s4_coms,9,2.0
ORK,s5_mset,5,1.0
ORK,s6_cb,4,0.0
ORK,s7_dsi,5,0.0
ORK,s8_est,5,0.0
ORK,s9_ee,4,0.0
OXF,s1_gov,21,10.0
OXF,s2_m&a,18,8.0
OXF,s3_c&a,5,2.0
OXF,s4_coms,9,5.0
OXF,s5_mset,5,2.0
OXF,s6_cb,4,1.0
OXF,s7_dsi,5,0.0
OXF,s8_est,5,4.0
OXF,s9_ee,4,1.0
OXO,s1_gov,21,11.0
OXO,s2_m&a,18,9.0
OXO,s3_c&a,7,6.0
OXO,s4_coms,9,4.0
OXO,s5_mset,5,4.0
OXO,s6_cb,4,1.0
OXO,s7_dsi,5,1.0
OXO,s8_est,5,1.0
OXO,s9_ee,4,0.0
PEM,s1_gov,21,10.0
PEM,s2_m&a,18,15.0
PEM,s3_c&a,7,0.0
PEM,s4_coms,9,2.0
PEM,s5_mset,5,1.0
PEM,s6_cb,4,1.0
PEM,s7_dsi,5,0.0
PEM,s8_est,5,3.0
PEM,s9_ee,4,3.0
PEN,s1_gov,21,9.0
PEN,s2_m&a,18,5.0
PEN,s3_c&a,7,5.0
PEN,s4_coms,9,3.0
PEN,s5_mset,5,1.0
PEN,s6_cb,4,0.0
PEN,s7_dsi,5,0.0
PEN,s8_est,5,1.0
PEN,s9_ee,4,0.0
PKN,s1_gov,21,13.0
PKN,s2_m&a,18,14.0
PKN,s3_c&a,7,5.0
PKN,s4_coms,9,7.0
PKN,s5_mset,5,4.0
PKN,s6_cb,4,4.0
PKN,s7_dsi,5,1.0
PKN,s8_est,5,2.0
PKN,s9_ee,4,3.0
PLY,s1_gov,21,15.0
PLY,s2_m&a,18,8.0
PLY,s3_c&a,7,6.0
PLY,s4_coms,9,6.0
PLY,s5_mset,5,4.0
PLY,s6_cb,4,2.0
PLY,s7_dsi,5,1.0
PLY,s8_est,5,5.0
PLY,s9_ee,4,3.0
POR,s1_gov,21,9.0
POR,s2_m&a,18,5.0
POR,s3_c&a,7,4.0
POR,s4_coms,9,4.0
POR,s5_mset,5,3.0
POR,s6_cb,4,2.0
POR,s7_dsi,5,0.0
POR,s8_est,5,1.0
POR,s9_ee,4,1.0
POW,s1_gov,21,0.0
POW,s2_m&a,18,0.0
POW,s3_c&a,7,0.0
POW,s4_coms,9,0.0
POW,s5_mset,5,0.0
POW,s6_cb,4,0.0
POW,s7_dsi,5,0.0
POW,s8_est,5,0.0
POW,s9_ee,4,0.0
PRE,s1_gov,21,0.0
PRE,s2_m&a,18,0.0
PRE,s3_c&a,7,0.0
PRE,s4_coms,9,0.0
PRE,s5_mset,5,0.0
PRE,s6_cb,4,0.0
PRE,s7_dsi,5,0.0
PRE,s8_est,5,0.0
PRE,s9_ee,4,0.0
PTE,s1_gov,21,13.0
PTE,s2_m&a,18,0.0
PTE,s3_c&a,7,2.0
PTE,s4_coms,9,5.0
PTE,s5_mset,5,2.0
PTE,s6_cb,4,1.0
PTE,s7_dsi,5,0.0
PTE,s8_est,5,2.0
PTE,s9_ee,4,0.0
RCC,s1_gov,21,13.0
RCC,s2_m&a,18,7.0
RCC,s3_c&a,7,4.0
RCC,s4_coms,9,3.0
RCC,s5_mset,5,3.0
RCC,s6_cb,4,1.0
RCC,s7_dsi,5,1.0
RCC,s8_est,5,1.0
RCC,s9_ee,4,0.0
RCH,s1_gov,21,2.0
RCH,s2_m&a,18,1.0
RCH,s3_c&a,7,0.0
RCH,s4_coms,9,2.0
RCH,s5_mset,5,1.0
RCH,s6_cb,4,2.0
RCH,s7_dsi,5,0.0
RCH,s8_est,5,0.0
RCH,s9_ee,4,1.0
RCT,s1_gov,21,6.0
RCT,s2_m&a,18,12.0
RCT,s3_c&a,7,4.0
RCT,s4_coms,9,4.0
RCT,s5_mset,5,2.0
RCT,s6_cb,4,1.0
RCT,s7_dsi,5,0.0
RCT,s8_est,5,2.0
RCT,s9_ee,4,3.0
RDB,s1_gov,21,11.0
RDB,s2_m&a,18,6.0
RDB,s3_c&a,7,5.0
RDB,s4_coms,9,5.0
RDB,s5_mset,5,2.0
RDB,s6_cb,4,4.0
RDB,s7_dsi,5,1.0
RDB,s8_est,5,3.0
RDB,s9_ee,4,3.0
RDG,s1_gov,21,14.0
RDG,s2_m&a,18,16.0
RDG,s3_c&a,7,4.0
RDG,s4_coms,9,7.0
RDG,s5_mset,5,4.0
RDG,s6_cb,4,4.0
RDG,s7_dsi,5,3.0
RDG,s8_est,5,4.0
RDG,s9_ee,4,3.0
RED,s1_gov,21,0.0
RED,s2_m&a,18,0.0
RED,s3_c&a,7,0.0
RED,s4_coms,9,0.0
RED,s5_mset,5,0.0
RED,s6_cb,4,0.0
RED,s7_dsi,5,0.0
RED,s8_est,5,0.0
RED,s9_ee,4,0.0
REI,s1_gov,21,10.0
REI,s2_m&a,18,17.0
REI,s3_c&a,7,6.0
REI,s4_coms,9,7.0
REI,s5_mset,5,3.0
REI,s6_cb,4,2.0
REI,s7_dsi,5,0.0
REI,s8_est,5,3.0
REI,s9_ee,4,3.0
RFW,s1_gov,21,0.0
RFW,s2_m&a,18,0.0
RFW,s3_c&a,7,0.0
RFW,s4_coms,9,0.0
RFW,s5_mset,5,0.0
RFW,s6_cb,4,0.0
RFW,s7_dsi,5,0.0
RFW,s8_est,5,0.0
RFW,s9_ee,4,0.0
RIB,s1_gov,21,0.0
RIB,s2_m&a,18,0.0
RIB,s3_c&a,7,0.0
RIB,s4_coms,9,0.0
RIB,s5_mset,5,0.0
RIB,s6_cb,4,0.0
RIB,s7_dsi,5,0.0
RIB,s8_est,5,0.0
RIB,s9_ee,4,0.0
RIC,s1_gov,21,15.0
RIC,s2_m&a,18,13.0
RIC,s3_c&a,7,5.0
RIC,s4_coms,9,9.0
RIC,s5_mset,5,4.0
RIC,s6_cb,4,4.0
RIC,s7_dsi,5,4.0
RIC,s8_est,5,3.0
RIC,s9_ee,4,3.0
RIH,s1_gov,21,17.0
RIH,s2_m&a,18,1.0
RIH,s3_c&a,7,6.0
RIH,s4_coms,9,3.0
RIH,s5_mset,5,1.0
RIH,s6_cb,4,1.0
RIH,s7_dsi,5,0.0
RIH,s8_est,5,1.0
RIH,s9_ee,4,0.0
ROC,s1_gov,21,1.0
ROC,s2_m&a,18,0.0
ROC,s3_c&a,7,1.0
ROC,s4_coms,9,0.0
ROC,s5_mset,5,0.0
ROC,s6_cb,4,0.0
ROC,s7_dsi,5,0.0
ROC,s8_est,5,0.0
ROC,s9_ee,4,0.0
ROH,s1_gov,21,5.0
ROH,s2_m&a,18,4.0
ROH,s3_c&a,7,2.0
ROH,s4_coms,9,4.0
ROH,s5_mset,5,1.0
ROH,s6_cb,4,0.0
ROH,s7_dsi,5,0.0
ROH,s8_est,5,1.0
ROH,s9_ee,4,0.0
ROS,s1_gov,21,5.0
ROS,s2_m&a,18,3.0
ROS,s3_c&a,7,1.0
ROS,s4_coms,9,3.0
ROS,s5_mset,5,1.0
ROS,s6_cb,4,0.0
ROS,s7_dsi,5,0.0
ROS,s8_est,5,0.0
ROS,s9_ee,4,1.0
ROT,s1_gov,21,12.0
ROT,s2_m&a,18,7.0
ROT,s3_c&a,7,6.0
ROT,s4_coms,9,5.0
ROT,s5_mset,5,2.0
ROT,s6_cb,4,2.0
ROT,s7_dsi,5,3.0
ROT,s8_est,5,1.0
ROT,s9_ee,4,1.0
RUG,s1_gov,21,0.0
RUG,s2_m&a,18,0.0
RUG,s3_c&a,7,0.0
RUG,s4_coms,9,0.0
RUG,s5_mset,5,0.0
RUG,s6_cb,4,0.0
RUG,s7_dsi,5,0.0
RUG,s8_est,5,0.0
RUG,s9_ee,4,0.0
RUH,s1_gov,21,8.0
RUH,s2_m&a,18,9.0
RUH,s3_c&a,7,6.0
RUH,s4_coms,9,2.0
RUH,s5_mset,5,1.0
RUH,s6_cb,4,4.0
RUH,s7_dsi,5,0.0
RUH,s8_est,5,3.0
RUH,s9_ee,4,3.0
RUN,s1_gov,21,0.0
RUN,s2_m&a,18,0.0
RUN,s3_c&a,7,0.0
RUN,s4_coms,9,0.0
RUN,s5_mset,5,0.0
RUN,s6_cb,4,0.0
RUN,s7_dsi,5,0.0
RUN,s8_est,5,0.0
RUN,s9_ee,4,0.0
RUS,s1_gov,21,8.0
RUS,s2_m&a,18,14.0
RUS,s3_c&a,7,4.0
RUS,s4_coms,9,4.0
RUS,s5_mset,5,3.0
RUS,s6_cb,4,2.0
RUS,s7_dsi,5,0.0
RUS,s8_est,5,0.0
RUS,s9_ee,4,4.0
RUT,s1_gov,21,0.0
RUT,s2_m&a,18,0.0
RUT,s3_c&a,7,0.0
RUT,s4_coms,9,0.0
RUT,s5_mset,5,0.0
RUT,s6_cb,4,0.0
RUT,s7_dsi,5,0.0
RUT,s8_est,5,0.0
RUT,s9_ee,4,0.0
RYE,s1_gov,21,7.0
RYE,s2_m&a,18,2.0
RYE,s3_c&a,7,6.0
RYE,s4_coms,9,1.0
RYE,s5_mset,5,0.0
RYE,s6_cb,4,0.0
RYE,s7_dsi,5,0.0
RYE,s8_est,5,0.0
RYE,s9_ee,4,0.0
SAL,s1_gov,21,12.0
SAL,s2_m&a,18,12.0
SAL,s3_c&a,7,3.0
SAL,s4_coms,9,7.0
SAL,s5_mset,5,3.0
SAL,s6_cb,4,2.0
SAL,s7_dsi,5,0.0
SAL,s8_est,5,2.0
SAL,s9_ee,4,3.0
SAW,s1_gov,21,16.0
SAW,s2_m&a,18,13.0
SAW,s3_c&a,7,3.0
SAW,s4_coms,9,6.0
SAW,s5_mset,5,2.0
SAW,s6_cb,4,4.0
SAW,s7_dsi,5,0.0
SAW,s8_est,5,5.0
SAW,s9_ee,4,3.0
SAY,s1_gov,21,10.0
SAY,s2_m&a,18,8.0
SAY,s3_c&a,7,6.0
SAY,s4_coms,9,2.0
SAY,s5_mset,5,1.0
SAY,s6_cb,4,3.0
SAY,s7_dsi,5,0.0
SAY,s8_est,5,3.0
SAY,s9_ee,4,0.0
SCA,s1_gov,21,8.0
SCA,s2_m&a,18,7.0
SCA,s3_c&a,7,6.0
SCA,s4_coms,9,5.0
SCA,s5_mset,5,2.0
SCA,s6_cb,4,1.0
SCA,s7_dsi,5,0.0
SCA,s8_est,5,0.0
SCA,s9_ee,4,1.0
SCB,s1_gov,21,10.0
SCB,s2_m&a,18,14.0
SCB,s3_c&a,7,4.0
SCB,s4_coms,9,5.0
SCB,s5_mset,5,3.0
SCB,s6_cb,4,3.0
SCB,s7_dsi,5,2.0
SCB,s8_est,5,3.0
SCB,s9_ee,4,3.0
SCE,s1_gov,21,6.0
SCE,s2_m&a,18,7.0
SCE,s3_c&a,7,6.0
SCE,s4_coms,9,2.0
SCE,s5_mset,5,4.0
SCE,s6_cb,4,1.0
SCE,s7_dsi,5,0.0
SCE,s8_est,5,3.0
SCE,s9_ee,4,2.0
SCR,s1_gov,21,6.0
SCR,s2_m&a,18,1.0
SCR,s3_c&a,5,1.0
SCR,s4_coms,9,5.0
SCR,s5_mset,5,2.0
SCR,s6_cb,4,3.0
SCR,s7_dsi,5,0.0
SCR,s8_est,5,1.0
SCR,s9_ee,4,0.0
SDE,s1_gov,21,20.0
SDE,s2_m&a,18,9.0
SDE,s3_c&a,7,6.0
SDE,s4_coms,9,8.0
SDE,s5_mset,5,5.0
SDE,s6_cb,4,1.0
SDE,s7_dsi,5,2.0
SDE,s8_est,5,2.0
SDE,s9_ee,4,2.0
SEG,s1_gov,21,13.0
SEG,s2_m&a,18,18.0
SEG,s3_c&a,7,4.0
SEG,s4_coms,9,6.0
SEG,s5_mset,5,3.0
SEG,s6_cb,4,4.0
SEG,s7_dsi,5,1.0
SEG,s8_est,5,5.0
SEG,s9_ee,4,4.0
SEL,s1_gov,21,0.0
SEL,s2_m&a,18,0.0
SEL,s3_c&a,7,0.0
SEL,s4_coms,9,0.0
SEL,s5_mset,5,0.0
SEL,s6_cb,4,0.0
SEL,s7_dsi,5,0.0
SEL,s8_est,5,0.0
SEL,s9_ee,4,0.0
SEV,s1_gov,21,10.0
SEV,s2_m&a,18,14.0
SEV,s3_c&a,7,5.0
SEV,s4_coms,9,6.0
SEV,s5_mset,5,2.0
SEV,s6_cb,4,4.0
SEV,s7_dsi,5,1.0
SEV,s8_est,5,0.0
SEV,s9_ee,4,3.0
SFK,s1_gov,21,13.0
SFK,s2_m&a,18,6.0
SFK,s3_c&a,5,4.0
SFK,s4_coms,9,6.0
SFK,s5_mset,5,4.0
SFK,s6_cb,4,2.0
SFK,s7_dsi,5,0.0
SFK,s8_est,5,2.0
SFK,s9_ee,4,2.0
SFT,s1_gov,21,6.0
SFT,s2_m&a,18,4.0
SFT,s3_c&a,7,3.0
SFT,s4_coms,9,3.0
SFT,s5_mset,5,1.0
SFT,s6_cb,4,3.0
SFT,s7_dsi,5,1.0
SFT,s8_est,5,2.0
SFT,s9_ee,4,1.0
SGC,s1_gov,21,12.0
SGC,s2_m&a,18,15.0
SGC,s3_c&a,7,5.0
SGC,s4_coms,9,8.0
SGC,s5_mset,5,5.0
SGC,s6_cb,4,4.0
SGC,s7_dsi,5,4.0
SGC,s8_est,5,4.0
SGC,s9_ee,4,3.0
SHA,s1_gov,21,15.0
SHA,s2_m&a,18,10.0
SHA,s3_c&a,7,4.0
SHA,s4_coms,9,8.0
SHA,s5_mset,5,5.0
SHA,s6_cb,4,4.0
SHA,s7_dsi,5,0.0
SHA,s8_est,5,3.0
SHA,s9_ee,4,3.0
SHE,s1_gov,21,15.0
SHE,s2_m&a,18,10.0
SHE,s3_c&a,7,6.0
SHE,s4_coms,9,5.0
SHE,s5_mset,5,3.0
SHE,s6_cb,4,4.0
SHE,s7_dsi,5,1.0
SHE,s8_est,5,1.0
SHE,s9_ee,4,3.0
SHF,s1_gov,21,0.0
SHF,s2_m&a,18,0.0
SHF,s3_c&a,7,0.0
SHF,s4_coms,9,0.0
SHF,s5_mset,5,0.0
SHF,s6_cb,4,0.0
SHF,s7_dsi,5,0.0
SHF,s8_est,5,0.0
SHF,s9_ee,4,0.0
SHN,s1_gov,21,0.0
SHN,s2_m&a,18,0.0
SHN,s3_c&a,7,0.0
SHN,s4_coms,9,0.0
SHN,s5_mset,5,0.0
SHN,s6_cb,4,0.0
SHN,s7_dsi,5,0.0
SHN,s8_est,5,0.0
SHN,s9_ee,4,0.0
SHO,s1_gov,21,0.0
SHO,s2_m&a,18,0.0
SHO,s3_c&a,7,0.0
SHO,s4_coms,9,0.0
SHO,s5_mset,5,0.0
SHO,s6_cb,4,0.0
SHO,s7_dsi,5,0.0
SHO,s8_est,5,0.0
SHO,s9_ee,4,0.0
SHR,s1_gov,21,12.0
SHR,s2_m&a,18,9.0
SHR,s3_c&a,7,5.0
SHR,s4_coms,9,6.0
SHR,s5_mset,5,3.0
SHR,s6_cb,4,3.0
SHR,s7_dsi,5,0.0
SHR,s8_est,5,3.0
SHR,s9_ee,4,0.0
SKE,s1_gov,21,6.0
SKE,s2_m&a,18,0.0
SKE,s3_c&a,7,2.0
SKE,s4_coms,9,1.0
SKE,s5_mset,5,2.0
SKE,s6_cb,4,0.0
SKE,s7_dsi,5,0.0
SKE,s8_est,5,0.0
SKE,s9_ee,4,0.0
SKP,s1_gov,21,8.0
SKP,s2_m&a,18,6.0
SKP,s3_c&a,7,3.0
SKP,s4_coms,9,2.0
SKP,s5_mset,5,2.0
SKP,s6_cb,4,1.0
SKP,s7_dsi,5,0.0
SKP,s8_est,5,2.0
SKP,s9_ee,4,1.0
SLA,s1_gov,21,10.0
SLA,s2_m&a,18,6.0
SLA,s3_c&a,7,2.0
SLA,s4_coms,9,4.0
SLA,s5_mset,5,3.0
SLA,s6_cb,4,4.0
SLA,s7_dsi,5,1.0
SLA,s8_est,5,1.0
SLA,s9_ee,4,1.0
SLF,s1_gov,21,6.0
SLF,s2_m&a,18,15.0
SLF,s3_c&a,7,4.0
SLF,s4_coms,9,6.0
SLF,s5_mset,5,4.0
SLF,s6_cb,4,4.0
SLF,s7_dsi,5,1.0
SLF,s8_est,5,3.0
SLF,s9_ee,4,3.0
SLG,s1_gov,21,13.0
SLG,s2_m&a,18,17.0
SLG,s3_c&a,7,4.0
SLG,s4_coms,9,6.0
SLG,s5_mset,5,4.0
SLG,s6_cb,4,3.0
SLG,s7_dsi,5,1.0
SLG,s8_est,5,3.0
SLG,s9_ee,4,3.0
SLK,s1_gov,21,7.0
SLK,s2_m&a,18,7.0
SLK,s3_c&a,7,4.0
SLK,s4_coms,9,6.0
SLK,s5_mset,5,2.0
SLK,s6_cb,4,2.0
SLK,s7_dsi,5,0.0
SLK,s8_est,5,2.0
SLK,s9_ee,4,3.0
SND,s1_gov,21,7.0
SND,s2_m&a,18,16.0
SND,s3_c&a,7,6.0
SND,s4_coms,9,7.0
SND,s5_mset,5,3.0
SND,s6_cb,4,4.0
SND,s7_dsi,5,1.0
SND,s8_est,5,2.0
SND,s9_ee,4,0.0
SNO,s1_gov,21,4.0
SNO,s2_m&a,18,12.0
SNO,s3_c&a,7,2.0
SNO,s4_coms,9,4.0
SNO,s5_mset,5,3.0
SNO,s6_cb,4,4.0
SNO,s7_dsi,5,1.0
SNO,s8_est,5,0.0
SNO,s9_ee,4,3.0
SOL,s1_gov,21,16.0
SOL,s2_m&a,18,15.0
SOL,s3_c&a,7,7.0
SOL,s4_coms,9,9.0
SOL,s5_mset,5,4.0
SOL,s6_cb,4,4.0
SOL,s7_dsi,5,2.0
SOL,s8_est,5,5.0
SOL,s9_ee,4,3.0
SOM,s1_gov,21,10.0
SOM,s2_m&a,18,18.0
SOM,s3_c&a,5,3.0
SOM,s4_coms,9,7.0
SOM,s5_mset,5,3.0
SOM,s6_cb,4,4.0
SOM,s7_dsi,5,0.0
SOM,s8_est,5,2.0
SOM,s9_ee,4,4.0
SOS,s1_gov,21,12.0
SOS,s2_m&a,18,12.0
SOS,s3_c&a,7,7.0
SOS,s4_coms,9,3.0
SOS,s5_mset,5,1.0
SOS,s6_cb,4,4.0
SOS,s7_dsi,5,1.0
SOS,s8_est,5,3.0
SOS,s9_ee,4,2.0
SOX,s1_gov,21,0.0
SOX,s2_m&a,18,0.0
SOX,s3_c&a,7,0.0
SOX,s4_coms,9,0.0
SOX,s5_mset,5,0.0
SOX,s6_cb,4,0.0
SOX,s7_dsi,5,0.0
SOX,s8_est,5,0.0
SOX,s9_ee,4,0.0
SPE,s1_gov,21,0.0
SPE,s2_m&a,18,0.0
SPE,s3_c&a,7,0.0
SPE,s4_coms,9,0.0
SPE,s5_mset,5,0.0
SPE,s6_cb,4,0.0
SPE,s7_dsi,5,0.0
SPE,s8_est,5,0.0
SPE,s9_ee,4,0.0
SRI,s1_gov,21,9.0
SRI,s2_m&a,18,13.0
SRI,s3_c&a,7,5.0
SRI,s4_coms,9,6.0
SRI,s5_mset,5,4.0
SRI,s6_cb,4,3.0
SRI,s7_dsi,5,0.0
SRI,s8_est,5,4.0
SRI,s9_ee,4,2.0
SRY,s1_gov,21,7.0
SRY,s2_m&a,18,17.0
SRY,s3_c&a,5,2.0
SRY,s4_coms,9,4.0
SRY,s5_mset,5,3.0
SRY,s6_cb,4,2.0
SRY,s7_dsi,5,0.0
SRY,s8_est,5,3.0
SRY,s9_ee,4,1.0
SSO,s1_gov,21,11.0
SSO,s2_m&a,18,18.0
SSO,s3_c&a,7,4.0
SSO,s4_coms,9,5.0
SSO,s5_mset,5,2.0
SSO,s6_cb,4,4.0
SSO,s7_dsi,5,0.0
SSO,s8_est,5,2.0
SSO,s9_ee,4,3.0
SST,s1_gov,21,9.0
SST,s2_m&a,18,13.0
SST,s3_c&a,7,1.0
SST,s4_coms,9,3.0
SST,s5_mset,5,2.0
SST,s6_cb,4,0.0
SST,s7_dsi,5,0.0
SST,s8_est,5,1.0
SST,s9_ee,4,3.0
STA,s1_gov,21,9.0
STA,s2_m&a,18,2.0
STA,s3_c&a,7,5.0
STA,s4_coms,9,6.0
STA,s5_mset,5,0.0
STA,s6_cb,4,0.0
STA,s7_dsi,5,0.0
STA,s8_est,5,2.0
STA,s9_ee,4,3.0
STE,s1_gov,21,0.0
STE,s2_m&a,18,0.0
STE,s3_c&a,7,0.0
STE,s4_coms,9,0.0
STE,s5_mset,5,0.0
STE,s6_cb,4,0.0
STE,s7_dsi,5,0.0
STE,s8_est,5,0.0
STE,s9_ee,4,0.0
STF,s1_gov,21,15.0
STF,s2_m&a,18,11.0
STF,s3_c&a,7,7.0
STF,s4_coms,9,9.0
STF,s5_mset,5,4.0
STF,s6_cb,4,4.0
STF,s7_dsi,5,5.0
STF,s8_est,5,5.0
STF,s9_ee,4,3.0
STG,s1_gov,21,9.0
STG,s2_m&a,18,10.0
STG,s3_c&a,7,6.0
STG,s4_coms,9,7.0
STG,s5_mset,5,5.0
STG,s6_cb,4,2.0
STG,s7_dsi,5,0.0
STG,s8_est,5,4.0
STG,s9_ee,4,3.0
STH,s1_gov,21,7.0
STH,s2_m&a,18,6.0
STH,s3_c&a,7,4.0
STH,s4_coms,9,7.0
STH,s5_mset,5,2.0
STH,s6_cb,4,2.0
STH,s7_dsi,5,0.0
STH,s8_est,5,0.0
STH,s9_ee,4,2.0
STN,s1_gov,21,5.0
STN,s2_m&a,18,13.0
STN,s3_c&a,7,5.0
STN,s4_coms,9,5.0
STN,s5_mset,5,2.0
STN,s6_cb,4,4.0
STN,s7_dsi,5,0.0
STN,s8_est,5,1.0
STN,s9_ee,4,3.0
STO,s1_gov,21,15.0
STO,s2_m&a,18,15.0
STO,s3_c&a,7,7.0
STO,s4_coms,9,9.0
STO,s5_mset,5,4.0
STO,s6_cb,4,3.0
STO,s7_dsi,5,1.0
STO,s8_est,5,3.0
STO,s9_ee,4,3.0
STR,s1_gov,21,12.0
STR,s2_m&a,18,6.0
STR,s3_c&a,7,3.0
STR,s4_coms,9,1.0
STR,s5_mset,5,3.0
STR,s6_cb,4,1.0
STR,s7_dsi,5,0.0
STR,s8_est,5,1.0
STR,s9_ee,4,2.0
STS,s1_gov,21,6.0
STS,s2_m&a,18,0.0
STS,s3_c&a,5,1.0
STS,s4_coms,9,4.0
STS,s5_mset,5,1.0
STS,s6_cb,4,1.0
STS,s7_dsi,5,0.0
STS,s8_est,5,3.0
STS,s9_ee,4,1.0
STT,s1_gov,21,7.0
STT,s2_m&a,18,15.0
STT,s3_c&a,7,3.0
STT,s4_coms,9,5.0
STT,s5_mset,5,3.0
STT,s6_cb,4,2.0
STT,s7_dsi,5,0.0
STT,s8_est,5,1.0
STT,s9_ee,4,0.0
STV,s1_gov,21,6.0
STV,s2_m&a,18,7.0
STV,s3_c&a,7,2.0
STV,s4_coms,9,4.0
STV,s5_mset,5,2.0
STV,s6_cb,4,0.0
STV,s7_dsi,5,0.0
STV,s8_est,5,4.0
STV,s9_ee,4,3.0
STY,s1_gov,21,9.0
STY,s2_m&a,18,6.0
STY,s3_c&a,7,6.0
STY,s4_coms,9,7.0
STY,s5_mset,5,2.0
STY,s6_cb,4,1.0
STY,s7_dsi,5,0.0
STY,s8_est,5,2.0
STY,s9_ee,4,3.0
SUR,s1_gov,21,12.0
SUR,s2_m&a,18,17.0
SUR,s3_c&a,7,6.0
SUR,s4_coms,9,6.0
SUR,s5_mset,5,3.0
SUR,s6_cb,4,2.0
SUR,s7_dsi,5,0.0
SUR,s8_est,5,3.0
SUR,s9_ee,4,2.0
SWA,s1_gov,21,3.0
SWA,s2_m&a,18,4.0
SWA,s3_c&a,7,3.0
SWA,s4_coms,9,2.0
SWA,s5_mset,5,0.0
SWA,s6_cb,4,0.0
SWA,s7_dsi,5,0.0
SWA,s8_est,5,0.0
SWA,s9_ee,4,3.0
SWD,s1_gov,21,13.0
SWD,s2_m&a,18,10.0
SWD,s3_c&a,7,6.0
SWD,s4_coms,9,8.0
SWD,s5_mset,5,5.0
SWD,s6_cb,4,0.0
SWD,s7_dsi,5,0.0
SWD,s8_est,5,3.0
SWD,s9_ee,4,0.0
SWK,s1_gov,21,16.0
SWK,s2_m&a,18,17.0
SWK,s3_c&a,7,4.0
SWK,s4_coms,9,8.0
SWK,s5_mset,5,5.0
SWK,s6_cb,4,3.0
SWK,s7_dsi,5,3.0
SWK,s8_est,5,4.0
SWK,s9_ee,4,3.0
SWL,s1_gov,21,13.0
SWL,s2_m&a,18,13.0
SWL,s3_c&a,7,6.0
SWL,s4_coms,9,6.0
SWL,s5_mset,5,4.0
SWL,s6_cb,4,4.0
SWL,s7_dsi,5,2.0
SWL,s8_est,5,0.0
SWL,s9_ee,4,3.0
SWT,s1_gov,21,17.0
SWT,s2_m&a,18,18.0
SWT,s3_c&a,7,7.0
SWT,s4_coms,9,8.0
SWT,s5_mset,5,5.0
SWT,s6_cb,4,4.0
SWT,s7_dsi,5,3.0
SWT,s8_est,5,5.0
SWT,s9_ee,4,4.0
TAM,s1_gov,21,0.0
TAM,s2_m&a,18,0.0
TAM,s3_c&a,7,0.0
TAM,s4_coms,9,0.0
TAM,s5_mset,5,0.0
TAM,s6_cb,4,0.0
TAM,s7_dsi,5,0.0
TAM,s8_est,5,0.0
TAM,s9_ee,4,0.0
TAN,s1_gov,21,4.0
TAN,s2_m&a,18,17.0
TAN,s3_c&a,7,5.0
TAN,s4_coms,9,2.0
TAN,s5_mset,5,2.0
TAN,s6_cb,4,2.0
TAN,s7_dsi,5,0.0
TAN,s8_est,5,3.0
TAN,s9_ee,4,1.0
TAW,s1_gov,21,0.0
TAW,s2_m&a,18,0.0
TAW,s3_c&a,7,0.0
TAW,s4_coms,9,0.0
TAW,s5_mset,5,0.0
TAW,s6_cb,4,0.0
TAW,s7_dsi,5,0.0
TAW,s8_est,5,0.0
TAW,s9_ee,4,0.0
TEI,s1_gov,21,8.0
TEI,s2_m&a,18,9.0
TEI,s3_c&a,7,3.0
TEI,s4_coms,9,5.0
TEI,s5_mset,5,2.0
TEI,s6_cb,4,2.0
TEI,s7_dsi,5,0.0
TEI,s8_est,5,2.0
TEI,s9_ee,4,3.0
TEN,s1_gov,21,7.0
TEN,s2_m&a,18,0.0
TEN,s3_c&a,7,1.0
TEN,s4_coms,9,3.0
TEN,s5_mset,5,1.0
TEN,s6_cb,4,0.0
TEN,s7_dsi,5,0.0
TEN,s8_est,5,1.0
TEN,s9_ee,4,0.0
TES,s1_gov,21,7.0
TES,s2_m&a,18,1.0
TES,s3_c&a,7,2.0
TES,s4_coms,9,4.0
TES,s5_mset,5,2.0
TES,s6_cb,4,1.0
TES,s7_dsi,5,0.0
TES,s8_est,5,0.0
TES,s9_ee,4,0.0
TEW,s1_gov,21,3.0
TEW,s2_m&a,18,0.0
TEW,s3_c&a,7,2.0
TEW,s4_coms,9,0.0
TEW,s5_mset,5,2.0
TEW,s6_cb,4,0.0
TEW,s7_dsi,5,0.0
TEW,s8_est,5,0.0
TEW,s9_ee,4,0.0
TFW,s1_gov,21,16.0
TFW,s2_m&a,18,14.0
TFW,s3_c&a,7,7.0
TFW,s4_coms,9,6.0
TFW,s5_mset,5,5.0
TFW,s6_cb,4,1.0
TFW,s7_dsi,5,2.0
TFW,s8_est,5,5.0
TFW,s9_ee,4,4.0
THA,s1_gov,21,10.0
THA,s2_m&a,18,12.0
THA,s3_c&a,7,5.0
THA,s4_coms,9,7.0
THA,s5_mset,5,1.0
THA,s6_cb,4,4.0
THA,s7_dsi,5,1.0
THA,s8_est,5,3.0
THA,s9_ee,4,3.0
THE,s1_gov,21,6.0
THE,s2_m&a,18,14.0
THE,s3_c&a,7,3.0
THE,s4_coms,9,8.0
THE,s5_mset,5,5.0
THE,s6_cb,4,3.0
THE,s7_dsi,5,1.0
THE,s8_est,5,0.0
THE,s9_ee,4,3.0
THR,s1_gov,21,0.0
THR,s2_m&a,18,0.0
THR,s3_c&a,7,0.0
THR,s4_coms,9,0.0
THR,s5_mset,5,0.0
THR,s6_cb,4,0.0
THR,s7_dsi,5,0.0
THR,s8_est,5,0.0
THR,s9_ee,4,0.0
TOB,s1_gov,21,6.0
TOB,s2_m&a,18,11.0
TOB,s3_c&a,7,4.0
TOB,s4_coms,9,4.0
TOB,s5_mset,5,1.0
TOB,s6_cb,4,2.0
TOB,s7_dsi,5,0.0
TOB,s8_est,5,2.0
TOB,s9_ee,4,3.0
TOF,s1_gov,21,0.0
TOF,s2_m&a,18,0.0
TOF,s3_c&a,7,0.0
TOF,s4_coms,9,0.0
TOF,s5_mset,5,0.0
TOF,s6_cb,4,0.0
TOF,s7_dsi,5,0.0
TOF,s8_est,5,0.0
TOF,s9_ee,4,0.0
TON,s1_gov,21,13.0
TON,s2_m&a,18,13.0
TON,s3_c&a,7,6.0
TON,s4_coms,9,7.0
TON,s5_mset,5,4.0
TON,s6_cb,4,4.0
TON,s7_dsi,5,1.0
TON,s8_est,5,1.0
TON,s9_ee,4,2.0
TOR,s1_gov,21,13.0
TOR,s2_m&a,18,10.0
TOR,s3_c&a,7,6.0
TOR,s4_coms,9,8.0
TOR,s5_mset,5,4.0
TOR,s6_cb,4,2.0
TOR,s7_dsi,5,0.0
TOR,s8_est,5,2.0
TOR,s9_ee,4,3.0
TRF,s1_gov,21,13.0
TRF,s2_m&a,18,11.0
TRF,s3_c&a,7,6.0
TRF,s4_coms,9,6.0
TRF,s5_mset,5,4.0
TRF,s6_cb,4,0.0
TRF,s7_dsi,5,1.0
TRF,s8_est,5,5.0
TRF,s9_ee,4,2.0
TUN,s1_gov,21,10.0
TUN,s2_m&a,18,10.0
TUN,s3_c&a,7,4.0
TUN,s4_coms,9,5.0
TUN,s5_mset,5,3.0
TUN,s6_cb,4,4.0
TUN,s7_dsi,5,1.0
TUN,s8_est,5,1.0
TUN,s9_ee,4,2.0
TVCA,s1_gov,21,0.0
TVCA,s2_m&a,18,0.0
TVCA,s3_c&a,5,0.0
TVCA,s4_coms,9,0.0
TVCA,s5_mset,5,0.0
TVCA,s6_cb,4,0.0
TVCA,s7_dsi,5,0.0
TVCA,s8_est,5,0.0
TVCA,s9_ee,4,0.0
TWH,s1_gov,21,11.0
TWH,s2_m&a,18,4.0
TWH,s3_c&a,7,3.0
TWH,s4_coms,9,3.0
TWH,s5_mset,5,2.0
TWH,s6_cb,4,3.0
TWH,s7_dsi,5,0.0
TWH,s8_est,5,0.0
TWH,s9_ee,4,3.0
UTT,s1_gov,21,8.0
UTT,s2_m&a,18,10.0
UTT,s3_c&a,7,3.0
UTT,s4_coms,9,6.0
UTT,s5_mset,5,3.0
UTT,s6_cb,4,2.0
UTT,s7_dsi,5,0.0
UTT,s8_est,5,1.0
UTT,s9_ee,4,3.0
VAL,s1_gov,21,0.0
VAL,s2_m&a,18,0.0
VAL,s3_c&a,7,0.0
VAL,s4_coms,9,0.0
VAL,s5_mset,5,0.0
VAL,s6_cb,4,0.0
VAL,s7_dsi,5,0.0
VAL,s8_est,5,0.0
VAL,s9_ee,4,0.0
VGL,s1_gov,21,10.0
VGL,s2_m&a,18,14.0
VGL,s3_c&a,7,4.0
VGL,s4_coms,9,4.0
VGL,s5_mset,5,2.0
VGL,s6_cb,4,2.0
VGL,s7_dsi,5,0.0
VGL,s8_est,5,1.0
VGL,s9_ee,4,2.0
WAE,s1_gov,21,18.0
WAE,s2_m&a,18,17.0
WAE,s3_c&a,7,6.0
WAE,s4_coms,9,8.0
WAE,s5_mset,5,4.0
WAE,s6_cb,4,4.0
WAE,s7_dsi,5,0.0
WAE,s8_est,5,3.0
WAE,s9_ee,4,3.0
WAR,s1_gov,21,7.0
WAR,s2_m&a,18,1.0
WAR,s3_c&a,5,2.0
WAR,s4_coms,9,6.0
WAR,s5_mset,5,1.0
WAR,s6_cb,4,0.0
WAR,s7_dsi,5,0.0
WAR,s8_est,5,0.0
WAR,s9_ee,4,1.0
WAT,s1_gov,21,10.0
WAT,s2_m&a,18,6.0
WAT,s3_c&a,7,2.0
WAT,s4_coms,9,5.0
WAT,s5_mset,5,3.0
WAT,s6_cb,4,2.0
WAT,s7_dsi,5,0.0
WAT,s8_est,5,0.0
WAT,s9_ee,4,3.0
WAW,s1_gov,21,19.0
WAW,s2_m&a,18,10.0
WAW,s3_c&a,7,3.0
WAW,s4_coms,9,6.0
WAW,s5_mset,5,4.0
WAW,s6_cb,4,2.0
WAW,s7_dsi,5,0.0
WAW,s8_est,5,0.0
WAW,s9_ee,4,3.0
WBK,s1_gov,21,13.0
WBK,s2_m&a,18,12.0
WBK,s3_c&a,7,4.0
WBK,s4_coms,9,7.0
WBK,s5_mset,5,3.0
WBK,s6_cb,4,3.0
WBK,s7_dsi,5,0.0
WBK,s8_est,5,4.0
WBK,s9_ee,4,3.0
WDE,s1_gov,21,16.0
WDE,s2_m&a,18,11.0
WDE,s3_c&a,7,6.0
WDE,s4_coms,9,8.0
WDE,s5_mset,5,4.0
WDE,s6_cb,4,4.0
WDE,s7_dsi,5,2.0
WDE,s8_est,5,2.0
WDE,s9_ee,4,3.0
WDU,s1_gov,21,11.0
WDU,s2_m&a,18,10.0
WDU,s3_c&a,7,7.0
WDU,s4_coms,9,7.0
WDU,s5_mset,5,2.0
WDU,s6_cb,4,0.0
WDU,s7_dsi,5,0.0
WDU,s8_est,5,3.0
WDU,s9_ee,4,2.0
WEA,s1_gov,21,8.0
WEA,s2_m&a,18,2.0
WEA,s3_c&a,7,3.0
WEA,s4_coms,9,5.0
WEA,s5_mset,5,4.0
WEA,s6_cb,4,0.0
WEA,s7_dsi,5,0.0
WEA,s8_est,5,0.0
WEA,s9_ee,4,0.0
WECA,s1_gov,21,10.0
WECA,s2_m&a,18,7.0
WECA,s3_c&a,5,2.0
WECA,s4_coms,9,3.0
WECA,s5_mset,5,1.0
WECA,s6_cb,4,2.0
WECA,s7_dsi,5,0.0
WECA,s8_est,5,0.0
WECA,s9_ee,4,2.0
WEW,s1_gov,21,9.0
WEW,s2_m&a,18,3.0
WEW,s3_c&a,7,2.0
WEW,s4_coms,9,2.0
WEW,s5_mset,5,3.0
WEW,s6_cb,4,1.0
WEW,s7_dsi,5,0.0
WEW,s8_est,5,1.0
WEW,s9_ee,4,1.0
WFT,s1_gov,21,0.0
WFT,s2_m&a,18,0.0
WFT,s3_c&a,7,0.0
WFT,s4_coms,9,0.0
WFT,s5_mset,5,0.0
WFT,s6_cb,4,0.0
WFT,s7_dsi,5,0.0
WFT,s8_est,5,0.0
WFT,s9_ee,4,0.0
WGN,s1_gov,21,10.0
WGN,s2_m&a,18,8.0
WGN,s3_c&a,7,4.0
WGN,s4_coms,9,5.0
WGN,s5_mset,5,4.0
WGN,s6_cb,4,4.0
WGN,s7_dsi,5,1.0
WGN,s8_est,5,2.0
WGN,s9_ee,4,2.0
WIL,s1_gov,21,13.0
WIL,s2_m&a,18,17.0
WIL,s3_c&a,7,5.0
WIL,s4_coms,9,9.0
WIL,s5_mset,5,4.0
WIL,s6_cb,4,4.0
WIL,s7_dsi,5,4.0
WIL,s8_est,5,3.0
WIL,s9_ee,4,4.0
WIN,s1_gov,21,15.0
WIN,s2_m&a,18,4.0
WIN,s3_c&a,7,5.0
WIN,s4_coms,9,8.0
WIN,s5_mset,5,3.0
WIN,s6_cb,4,1.0
WIN,s7_dsi,5,0.0
WIN,s8_est,5,0.0
WIN,s9_ee,4,3.0
WKF,s1_gov,21,15.0
WKF,s2_m&a,18,7.0
WKF,s3_c&a,7,7.0
WKF,s4_coms,9,6.0
WKF,s5_mset,5,2.0
WKF,s6_cb,4,3.0
WKF,s7_dsi,5,1.0
WKF,s8_est,5,1.0
WKF,s9_ee,4,4.0
WLA,s1_gov,21,13.0
WLA,s2_m&a,18,9.0
WLA,s3_c&a,7,6.0
WLA,s4_coms,9,5.0
WLA,s5_mset,5,5.0
WLA,s6_cb,4,2.0
WLA,s7_dsi,5,0.0
WLA,s8_est,5,1.0
WLA,s9_ee,4,1.0
WLI,s1_gov,21,14.0
WLI,s2_m&a,18,12.0
WLI,s3_c&a,7,3.0
WLI,s4_coms,9,7.0
WLI,s5_mset,5,3.0
WLI,s6_cb,4,3.0
WLI,s7_dsi,5,0.0
WLI,s8_est,5,2.0
WLI,s9_ee,4,2.0
WLL,s1_gov,21,10.0
WLL,s2_m&a,18,13.0
WLL,s3_c&a,7,5.0
WLL,s4_coms,9,4.0
WLL,s5_mset,5,2.0
WLL,s6_cb,4,2.0
WLL,s7_dsi,5,1.0
WLL,s8_est,5,3.0
WLL,s9_ee,4,1.0
WLN,s1_gov,21,5.0
WLN,s2_m&a,18,10.0
WLN,s3_c&a,7,4.0
WLN,s4_coms,9,4.0
WLN,s5_mset,5,2.0
WLN,s6_cb,4,3.0
WLN,s7_dsi,5,1.0
WLN,s8_est,5,2.0
WLN,s9_ee,4,2.0
WLV,s1_gov,21,4.0
WLV,s2_m&a,18,2.0
WLV,s3_c&a,7,1.0
WLV,s4_coms,9,5.0
WLV,s5_mset,5,3.0
WLV,s6_cb,4,0.0
WLV,s7_dsi,5,0.0
WLV,s8_est,5,0.0
WLV,s9_ee,4,2.0
WMCA,s1_gov,21,18.0
WMCA,s2_m&a,18,17.0
WMCA,s3_c&a,5,5.0
WMCA,s4_coms,9,8.0
WMCA,s5_mset,5,4.0
WMCA,s6_cb,4,4.0
WMCA,s7_dsi,5,4.0
WMCA,s8_est,5,4.0
WMCA,s9_ee,4,4.0
WND,s1_gov,21,10.0
WND,s2_m&a,18,11.0
WND,s3_c&a,7,6.0
WND,s4_coms,9,7.0
WND,s5_mset,5,2.0
WND,s6_cb,4,2.0
WND,s7_dsi,5,0.0
WND,s8_est,5,4.0
WND,s9_ee,4,3.0
WNM,s1_gov,21,12.0
WNM,s2_m&a,18,6.0
WNM,s3_c&a,7,4.0
WNM,s4_coms,9,8.0
WNM,s5_mset,5,2.0
WNM,s6_cb,4,2.0
WNM,s7_dsi,5,0.0
WNM,s8_est,5,1.0
WNM,s9_ee,4,3.0
WNT,s1_gov,21,3.0
WNT,s2_m&a,18,4.0
WNT,s3_c&a,7,3.0
WNT,s4_coms,9,4.0
WNT,s5_mset,5,3.0
WNT,s6_cb,4,1.0
WNT,s7_dsi,5,1.0
WNT,s8_est,5,2.0
WNT,s9_ee,4,2.0
WOC,s1_gov,21,10.0
WOC,s2_m&a,18,11.0
WOC,s3_c&a,7,3.0
WOC,s4_coms,9,6.0
WOC,s5_mset,5,3.0
WOC,s6_cb,4,1.0
WOC,s7_dsi,5,0.0
WOC,s8_est,5,3.0
WOC,s9_ee,4,1.0
WOI,s1_gov,21,11.0
WOI,s2_m&a,18,17.0
WOI,s3_c&a,7,6.0
WOI,s4_coms,9,7.0
WOI,s5_mset,5,5.0
WOI,s6_cb,4,3.0
WOI,s7_dsi,5,0.0
WOI,s8_est,5,3.0
WOI,s9_ee,4,3.0
WOK,s1_gov,21,20.0
WOK,s2_m&a,18,6.0
WOK,s3_c&a,7,5.0
WOK,s4_coms,9,8.0
WOK,s5_mset,5,4.0
WOK,s6_cb,4,4.0
WOK,s7_dsi,5,2.0
WOK,s8_est,5,3.0
WOK,s9_ee,4,3.0
WOR,s1_gov,21,8.0
WOR,s2_m&a,18,8.0
WOR,s3_c&a,5,2.0
WOR,s4_coms,9,3.0
WOR,s5_mset,5,4.0
WOR,s6_cb,4,2.0
WOR,s7_dsi,5,1.0
WOR,s8_est,5,1.0
WOR,s9_ee,4,2.0
WOT,s1_gov,21,13.0
WOT,s2_m&a,18,12.0
WOT,s3_c&a,7,2.0
WOT,s4_coms,9,5.0
WOT,s5_mset,5,3.0
WOT,s6_cb,4,3.0
WOT,s7_dsi,5,2.0
WOT,s8_est,5,3.0
WOT,s9_ee,4,1.0
WOX,s1_gov,21,10.0
WOX,s2_m&a,18,8.0
WOX,s3_c&a,7,3.0
WOX,s4_coms,9,9.0
WOX,s5_mset,5,4.0
WOX,s6_cb,4,2.0
WOX,s7_dsi,5,0.0
WOX,s8_est,5,1.0
WOX,s9_ee,4,2.0
WRL,s1_gov,21,12.0
WRL,s2_m&a,18,11.0
WRL,s3_c&a,7,6.0
WRL,s4_coms,9,4.0
WRL,s5_mset,5,3.0
WRL,s6_cb,4,2.0
WRL,s7_dsi,5,1.0
WRL,s8_est,5,2.0
WRL,s9_ee,4,1.0
WRT,s1_gov,21,9.0
WRT,s2_m&a,18,3.0
WRT,s3_c&a,7,1.0
WRT,s4_coms,9,5.0
WRT,s5_mset,5,2.0
WRT,s6_cb,4,1.0
WRT,s7_dsi,5,0.0
WRT,s8_est,5,2.0
WRT,s9_ee,4,2.0
WRX,s1_gov,21,8.0
WRX,s2_m&a,18,3.0
WRX,s3_c&a,7,4.0
WRX,s4_coms,9,0.0
WRX,s5_mset,5,2.0
WRX,s6_cb,4,0.0
WRX,s7_dsi,5,0.0
WRX,s8_est,5,0.0
WRX,s9_ee,4,1.0
WSK,s1_gov,21,17.0
WSK,s2_m&a,18,12.0
WSK,s3_c&a,7,5.0
WSK,s4_coms,9,6.0
WSK,s5_mset,5,4.0
WSK,s6_cb,4,3.0
WSK,s7_dsi,5,0.0
WSK,s8_est,5,3.0
WSK,s9_ee,4,3.0
WSM,s1_gov,21,11.0
WSM,s2_m&a,18,10.0
WSM,s3_c&a,7,3.0
WSM,s4_coms,9,7.0
WSM,s5_mset,5,3.0
WSM,s6_cb,4,3.0
WSM,s7_dsi,5,2.0
WSM,s8_est,5,3.0
WSM,s9_ee,4,2.0
WSX,s1_gov,21,11.0
WSX,s2_m&a,18,2.0
WSX,s3_c&a,5,2.0
WSX,s4_coms,9,4.0
WSX,s5_mset,5,2.0
WSX,s6_cb,4,1.0
WSX,s7_dsi,5,0.0
WSX,s8_est,5,3.0
WSX,s9_ee,4,1.0
WYC,s1_gov,21,15.0
WYC,s2_m&a,18,5.0
WYC,s3_c&a,7,4.0
WYC,s4_coms,9,3.0
WYC,s5_mset,5,4.0
WYC,s6_cb,4,4.0
WYC,s7_dsi,5,0.0
WYC,s8_est,5,2.0
WYC,s9_ee,4,3.0
WYCA,s1_gov,21,9.0
WYCA,s2_m&a,18,5.0
WYCA,s3_c&a,5,2.0
WYCA,s4_coms,9,4.0
WYCA,s5_mset,5,4.0
WYCA,s6_cb,4,1.0
WYCA,s7_dsi,5,0.0
WYCA,s8_est,5,1.0
WYCA,s9_ee,4,0.0
WYE,s1_gov,21,3.0
WYE,s2_m&a,18,0.0
WYE,s3_c&a,7,3.0
WYE,s4_coms,9,3.0
WYE,s5_mset,5,1.0
WYE,s6_cb,4,0.0
WYE,s7_dsi,5,0.0
WYE,s8_est,5,1.0
WYE,s9_ee,4,0.0
WYR,s1_gov,21,7.0
WYR,s2_m&a,18,7.0
WYR,s3_c&a,7,4.0
WYR,s4_coms,9,4.0
WYR,s5_mset,5,4.0
WYR,s6_cb,4,3.0
WYR,s7_dsi,5,0.0
WYR,s8_est,5,3.0
WYR,s9_ee,4,2.0
YOR,s1_gov,21,0.0
YOR,s2_m&a,18,0.0
YOR,s3_c&a,7,0.0
YOR,s4_coms,9,0.0
YOR,s5_mset,5,0.0
YOR,s6_cb,4,0.0
YOR,s7_dsi,5,0.0
YOR,s8_est,5,0.0
YOR,s9_ee,4,0.0
ZET,s1_gov,21,0.0
ZET,s2_m&a,18,0.0
ZET,s3_c&a,7,0.0
ZET,s4_coms,9,0.0
ZET,s5_mset,5,0.0
ZET,s6_cb,4,0.0
ZET,s7_dsi,5,0.0
ZET,s8_est,5,0.0
ZET,s9_ee,4,0.0
